{"stats":{"minecraft:picked_up":{"minecraft:crafting_table":5,"minecraft:repeater":2,"minecraft:glow_ink_sac":3,"minecraft:andesite":11,"soulsweapons:moonstone":12,"minecraft:tuff":38,"minecraft:dirt":11,"minecraft:bone":3,"minecraft:wheat_seeds":2,"minecraft:cobbled_deepslate":93,"minecraft:spruce_planks":21,"minecraft:stone_pickaxe":1,"minecraft:smooth_quartz":1,"minecraft:coal_block":3,"minecraft:furnace":9,"minecraft:raw_iron":29,"minecraft:stick":7,"minecraft:sandstone":1,"minecraft:sweet_berries":30,"minecraft:torch":8,"minecraft:gravel":4,"minecraft:sandstone_wall":2,"minecraft:sand":9,"minecraft:spruce_sapling":12,"tombstone:grave_dust":3,"minecraft:spruce_log":19,"minecraft:redstone":4,"minecraft:light_gray_concrete":1,"minecraft:arrow":3,"minecraft:rotten_flesh":3,"minecraft:diamond":8,"minecraft:granite":13,"soulsweapons:verglas":1,"tombstone:magic_scroll":1,"minecraft:coal":9,"minecraft:cobblestone":45},"minecraft:killed":{"minecraft:spider":1,"minecraft:skeleton":2,"minecraft:zombie":6},"minecraft:custom":{"minecraft:interact_with_furnace":14,"minecraft:mob_kills":9,"minecraft:interact_with_crafting_table":11,"minecraft:leave_game":2,"minecraft:time_since_death":2122,"minecraft:climb_one_cm":16458,"minecraft:time_since_rest":1640,"minecraft:sprint_one_cm":92305,"minecraft:damage_taken":2355,"minecraft:walk_one_cm":132527,"minecraft:damage_blocked_by_shield":315,"minecraft:drop":24,"minecraft:damage_dealt":2008,"minecraft:fly_one_cm":57496,"minecraft:open_chest":18,"minecraft:crouch_one_cm":4541,"minecraft:play_time":54280,"tombstone:undead_killed":8,"minecraft:deaths":3,"minecraft:sneak_time":1263,"minecraft:walk_under_water_one_cm":2618,"minecraft:jump":602,"minecraft:walk_on_water_one_cm":9312,"minecraft:total_world_time":54280,"minecraft:fall_one_cm":25443,"minecraft:inspect_dispenser":2},"minecraft:broken":{"minecraft:wooden_pickaxe":1},"minecraft:dropped":{"minecraft:wheat_seeds":2,"minecraft:rotten_flesh":2,"minecraft:stick":1,"minecraft:sandstone_wall":1,"minecraft:spruce_planks":12,"tombstone:grave_dust":4,"minecraft:spruce_log":4,"minecraft:spruce_sapling":4},"minecraft:mined":{"minecraft:tuff":38,"minecraft:spruce_planks":6,"minecraft:deepslate_diamond_ore":8,"soulsweapons:verglas_ore_deepslate":1,"minecraft:crafting_table":4,"minecraft:torch":5,"minecraft:granite":13,"minecraft:grass_block":7,"minecraft:coal_block":3,"minecraft:cobblestone":2,"minecraft:spruce_leaves":24,"minecraft:sandstone":1,"minecraft:wall_torch":2,"minecraft:spawner":1,"minecraft:large_fern":19,"minecraft:furnace":9,"minecraft:light_gray_stained_glass":3,"minecraft:sweet_berry_bush":15,"minecraft:spruce_log":15,"minecraft:andesite":11,"minecraft:grass":1,"soulsweapons:moonstone_ore_deepslate":12,"minecraft:deepslate_iron_ore":29,"minecraft:coal_ore":2,"minecraft:dirt":4,"minecraft:light_gray_concrete":1,"minecraft:gravel":4,"minecraft:sand":9,"minecraft:smooth_quartz":2,"minecraft:stone":42,"minecraft:deepslate":88,"minecraft:fern":3},"minecraft:crafted":{"soulsweapons:bluemoon_greatsword":1,"minecraft:wooden_sword":1,"minecraft:coal":9,"minecraft:crafting_table":1,"minecraft:spruce_planks":60,"minecraft:wooden_pickaxe":1,"minecraft:stone_axe":1,"minecraft:air":0,"minecraft:iron_chestplate":1,"minecraft:shield":1,"minecraft:stick":24,"minecraft:iron_ingot":15,"minecraft:iron_pickaxe":1,"minecraft:wooden_axe":1,"minecraft:torch":68},"minecraft:used":{"minecraft:water_bucket":3,"minecraft:stone_pickaxe":87,"minecraft:shield":5,"minecraft:spruce_planks":17,"minecraft:wooden_pickaxe":59,"minecraft:rotten_flesh":1,"minecraft:iron_chestplate":1,"minecraft:torch":76,"soulsweapons:bluemoon_greatsword":10,"minecraft:dirt":1,"minecraft:crafting_table":5,"minecraft:iron_pickaxe":139,"tombstone:grave_key":2,"minecraft:spruce_sapling":4,"minecraft:stone_axe":40,"minecraft:cobblestone":43,"minecraft:sweet_berries":52,"minecraft:furnace":2,"minecraft:andesite":9,"minecraft:bucket":4,"tombstone:gift":1},"minecraft:killed_by":{"minecraft:skeleton":1,"minecraft:zombie":1}},"DataVersion":3465}