{"stats":{"minecraft:picked_up":{"minecraft:seagrass":24,"minecraft:anvil":2,"minecraft:oak_stairs":4,"soulsweapons:moonstone":11,"minecraft:potion":1,"minecraft:turtle_egg":10,"minecraft:enchanted_book":1,"minecraft:stone_brick_stairs":1,"minecraft:string":3,"minecraft:raw_copper":47,"minecraft:shroomlight":3,"minecraft:cobbled_deepslate":210,"bosses_of_mass_destruction:soul_star":3,"minecraft:spruce_planks":58,"minecraft:furnace":10,"minecraft:diamond_ore":1,"minecraft:stick":34,"minecraft:acacia_fence":1,"minecraft:oak_fence":1,"minecraft:torch":23,"minecraft:porkchop":29,"tombstone:grave_dust":14,"minecraft:diorite":15,"minecraft:golden_chestplate":1,"minecraft:pink_terracotta":7,"minecraft:cauldron":1,"treasure2:copper_broad_axe":1,"tombstone:lollipop":3,"minecraft:rotten_flesh":34,"minecraft:stripped_birch_wood":14,"minecraft:obsidian":1,"minecraft:cobblestone":392,"minecraft:birch_log":27,"minecraft:lilac":1,"minecraft:andesite":6,"minecraft:black_bed":1,"minecraft:potato":20,"minecraft:lapis_lazuli":5,"minecraft:dirt":92,"treasure2:crystal_skull_chest":1,"minecraft:bone":52,"minecraft:acacia_planks":11,"minecraft:bow":4,"minecraft:wheat_seeds":6,"minecraft:raw_gold":17,"minecraft:diamond_helmet":1,"minecraft:oak_planks":31,"minecraft:cooked_porkchop":5,"minecraft:stripped_acacia_wood":21,"minecraft:sand":122,"minecraft:mossy_cobblestone":12,"minecraft:dark_prismarine":10,"minecraft:bundle":1,"minecraft:clay":4,"minecraft:diamond":44,"waystones:waystone":1,"minecraft:granite":22,"soulsweapons:verglas":7,"minecraft:spruce_sign":2,"minecraft:golden_horse_armor":2,"minecraft:oak_sapling":23,"minecraft:chorus_fruit":13,"minecraft:netherrack":3,"minecraft:dark_oak_fence":2,"minecraft:end_stone_bricks":5,"minecraft:allium":1,"minecraft:crafting_table":15,"minecraft:splash_potion":1,"minecraft:stone_brick_wall":2,"minecraft:gold_block":4,"minecraft:diamond_horse_armor":2,"immersive_aircraft:biplane":10,"minecraft:flint_and_steel":2,"minecraft:netherite_scrap":4,"minecraft:item_frame":1,"minecraft:beef":27,"minecraft:light_gray_wool":1,"minecraft:chest":1,"minecraft:sugar_cane":11,"minecraft:birch_sapling":11,"minecraft:raw_iron":102,"minecraft:sandstone":6,"minecraft:redstone":24,"minecraft:arrow":34,"minecraft:hay_block":17,"minecraft:saddle":1,"minecraft:gold_ingot":3,"tombstone:essence_of_undeath":2,"minecraft:glow_berries":2,"minecraft:mutton":18,"minecraft:white_wool":11,"minecraft:bone_block":4,"minecraft:netherite_boots":1,"farmersdelight:rich_soil":7,"minecraft:basalt":20,"minecraft:golden_carrot":8,"minecraft:tripwire_hook":1,"minecraft:leather":9,"minecraft:red_mushroom":1,"minecraft:birch_planks":4,"minecraft:oak_log":45,"minecraft:chainmail_chestplate":1,"minecraft:yellow_bed":2,"minecraft:gunpowder":6,"minecraft:cobblestone_stairs":2,"tombstone:gift":2,"farmersdelight:organic_compost":12,"minecraft:apple":4,"minecraft:spruce_wood":1,"minecraft:iron_ingot":11,"tombstone:bag_of_seeds":2,"minecraft:iron_sword":1,"minecraft:book":60,"minecraft:sweet_berries":4,"minecraft:dandelion":2,"minecraft:gravel":1,"minecraft:spruce_sapling":4,"minecraft:white_bed":6,"minecraft:spruce_log":94,"minecraft:spruce_door":2,"minecraft:mossy_stone_brick_slab":1,"minecraft:crying_obsidian":2,"minecraft:spider_eye":1,"minecraft:leather_helmet":2,"treasure2:copper_coin":3,"minecraft:coal_ore":7,"treasure2:silver_coin":4,"minecraft:gray_wool":6,"tombstone:magic_scroll":2,"minecraft:black_wool":1,"minecraft:coal":251},"minecraft:killed":{"minecraft:spider":2,"minecraft:skeleton":23,"minecraft:turtle":3,"minecraft:pig":8,"minecraft:zombie_villager":2,"minecraft:salmon":1,"minecraft:creeper":3,"minecraft:sheep":12,"minecraft:zombie":49,"minecraft:cow":12,"minecraft:phantom":1,"minecraft:horse":3,"minecraft:hoglin":2,"minecraft:wither_skeleton":11},"minecraft:custom":{"minecraft:animals_bred":5,"minecraft:interact_with_crafting_table":96,"minecraft:open_barrel":42,"minecraft:leave_game":6,"minecraft:time_since_death":19003,"minecraft:damage_resisted":298,"minecraft:sprint_one_cm":678087,"minecraft:damage_blocked_by_shield":5550,"minecraft:drop":185,"tombstone:eaten_lollipop":3,"minecraft:play_time":446787,"minecraft:deaths":29,"minecraft:jump":4798,"minecraft:walk_on_water_one_cm":64481,"minecraft:interact_with_furnace":123,"minecraft:sleep_in_bed":14,"minecraft:waystone_activated":1,"minecraft:damage_dealt":24445,"minecraft:crouch_one_cm":42423,"tombstone:undead_killed":86,"minecraft:inspect_dispenser":2,"minecraft:mob_kills":138,"minecraft:interact_with_anvil":4,"minecraft:climb_one_cm":3945,"minecraft:walk_one_cm":685437,"minecraft:sneak_time":26180,"minecraft:walk_under_water_one_cm":49964,"minecraft:total_world_time":446787,"tombstone:raider_killed":1,"minecraft:time_since_rest":18801,"minecraft:damage_absorbed":200,"minecraft:damage_taken":14276,"tombstone:cast_on_ally":1,"minecraft:swim_one_cm":95050,"minecraft:fly_one_cm":727183,"minecraft:open_chest":79,"minecraft:fall_one_cm":146294},"minecraft:broken":{"minecraft:iron_leggings":2,"minecraft:stone_pickaxe":3,"minecraft:wooden_axe":1,"minecraft:bow":1,"minecraft:shield":2,"minecraft:iron_axe":1,"minecraft:iron_pickaxe":1},"minecraft:dropped":{"minecraft:spruce_sign":2,"minecraft:clay":4,"minecraft:iron_sword":1,"minecraft:porkchop":6,"minecraft:lapis_lazuli":1,"minecraft:oak_log":36,"minecraft:cooked_porkchop":1,"minecraft:black_bed":1,"minecraft:leather":5,"minecraft:leather_helmet":2,"minecraft:red_mushroom":1,"minecraft:cobblestone_stairs":2,"minecraft:item_frame":1,"minecraft:dirt":16,"tombstone:bag_of_seeds":2,"minecraft:dark_oak_fence":2,"minecraft:seagrass":12,"minecraft:wooden_sword":1,"minecraft:bone_block":1,"minecraft:sand":48,"minecraft:white_wool":6,"minecraft:cauldron":1,"minecraft:bone":8,"minecraft:golden_chestplate":1,"minecraft:cobbled_deepslate":8,"minecraft:birch_sapling":12,"tombstone:gift":2,"minecraft:rotten_flesh":24,"minecraft:oak_planks":20,"minecraft:mossy_stone_brick_slab":1,"minecraft:cooked_mutton":4,"treasure2:silver_coin":4,"minecraft:chainmail_chestplate":1,"bosses_of_mass_destruction:soul_star":2,"minecraft:gunpowder":1,"soulsweapons:verglas":3,"treasure2:copper_coin":3,"minecraft:stone_brick_wall":2,"minecraft:arrow":4,"minecraft:beef":6,"minecraft:netherrack":2,"minecraft:wheat_seeds":4,"minecraft:golden_helmet":1,"minecraft:lilac":1,"minecraft:mossy_cobblestone":5,"minecraft:oak_fence":1,"minecraft:cobblestone":34,"minecraft:book":60,"minecraft:apple":3,"treasure2:crystal_skull_chest":1,"minecraft:stick":19,"minecraft:gray_wool":1,"treasure2:copper_broad_axe":1,"minecraft:torch":5,"minecraft:wooden_hoe":1,"minecraft:wooden_axe":1,"farmersdelight:organic_compost":6,"minecraft:diamond_helmet":1,"tombstone:grave_dust":13,"minecraft:iron_leggings":1,"minecraft:oak_stairs":1,"minecraft:string":2,"minecraft:tripwire_hook":1,"farmersdelight:rich_soil":3,"minecraft:dandelion":1,"minecraft:furnace":1,"minecraft:light_gray_wool":1,"minecraft:flint_and_steel":1,"minecraft:potato":11,"minecraft:hay_block":17,"minecraft:shield":1,"minecraft:allium":1,"minecraft:diamond_chestplate":1,"minecraft:iron_chestplate":2,"minecraft:andesite":1,"minecraft:yellow_bed":1,"minecraft:oak_sapling":23,"tombstone:essence_of_undeath":2,"minecraft:sandstone":6,"minecraft:bow":1,"minecraft:stone_pickaxe":1,"minecraft:wooden_pickaxe":2,"minecraft:black_wool":1},"minecraft:crafted":{"immersive_aircraft:engine":1,"minecraft:oak_planks":36,"minecraft:smooth_stone":3,"minecraft:stone":3,"minecraft:cooked_mutton":18,"minecraft:diamond_helmet":1,"minecraft:iron_boots":1,"minecraft:bow":1,"immersive_aircraft:hull":3,"minecraft:chest":2,"sophisticatedbackpacks:backpack":1,"minecraft:cooked_porkchop":17,"minecraft:diamond_axe":1,"minecraft:crafting_table":5,"minecraft:spruce_planks":316,"minecraft:wooden_pickaxe":2,"minecraft:copper_ingot":47,"minecraft:birch_planks":164,"immersive_aircraft:propeller":1,"minecraft:wooden_hoe":1,"minecraft:iron_chestplate":1,"minecraft:paper":9,"minecraft:shield":3,"minecraft:stick":60,"minecraft:iron_ingot":142,"minecraft:iron_pickaxe":1,"minecraft:iron_block":13,"minecraft:shears":1,"minecraft:wooden_sword":1,"minecraft:furnace":6,"minecraft:blast_furnace":1,"immersive_aircraft:biplane":1,"minecraft:piston":2,"minecraft:flint_and_steel":1,"minecraft:diamond":1,"minecraft:iron_axe":1,"minecraft:stone_pickaxe":5,"soulsweapons:moonstone_pickaxe":2,"sophisticatedbackpacks:iron_backpack":1,"minecraft:cooked_beef":21,"soulsweapons:bluemoon_shortsword":1,"immersive_aircraft:boiler":1,"sophisticatedbackpacks:gold_backpack":1,"minecraft:stone_axe":1,"minecraft:air":0,"minecraft:wooden_axe":3,"minecraft:iron_leggings":3,"minecraft:anvil":1,"minecraft:white_bed":1,"soulsweapons:sting":1,"minecraft:acacia_planks":84,"minecraft:torch":140,"minecraft:diamond_chestplate":1,"minecraft:firework_rocket":27},"minecraft:mined":{"minecraft:dark_oak_planks":6,"minecraft:spruce_planks":54,"minecraft:white_bed":6,"farmersdelight:rich_soil":5,"minecraft:mossy_stone_brick_slab":1,"minecraft:jungle_leaves":17,"minecraft:obsidian":1,"minecraft:cave_vines_plant":2,"minecraft:granite":29,"minecraft:grass_block":14,"minecraft:spawner":14,"minecraft:tall_seagrass":6,"minecraft:cobbled_deepslate":2,"minecraft:iron_ore":74,"minecraft:fire":13,"minecraft:turtle_egg":10,"minecraft:deepslate_lapis_ore":1,"minecraft:anvil":2,"minecraft:cave_vines":3,"minecraft:water_cauldron":1,"minecraft:oak_stairs":1,"minecraft:spruce_wood":1,"minecraft:end_stone_bricks":7,"farmersdelight:rich_soil_farmland":2,"minecraft:tripwire":1,"minecraft:deepslate_redstone_ore":5,"farmersdelight:organic_compost":12,"soulsweapons:verglas_ore_deepslate":5,"minecraft:clay":11,"minecraft:torch":19,"minecraft:cobblestone":35,"minecraft:sugar_cane":4,"minecraft:oak_planks":2,"minecraft:wall_torch":3,"minecraft:seagrass":9,"minecraft:birch_log":27,"minecraft:wheat":1,"minecraft:lilac":1,"minecraft:black_bed":1,"minecraft:stone_brick_stairs":1,"minecraft:grass":20,"minecraft:oak_log":43,"minecraft:acacia_fence":1,"minecraft:sand":99,"minecraft:dirt":61,"minecraft:stripped_birch_wood":14,"minecraft:netherrack":1,"minecraft:oak_leaves":38,"minecraft:deepslate":207,"soulsweapons:verglas_ore":2,"minecraft:dark_prismarine":10,"minecraft:diamond_ore":1,"minecraft:crying_obsidian":2,"minecraft:tuff":5,"minecraft:mossy_cobblestone":5,"minecraft:deepslate_diamond_ore":13,"minecraft:dark_oak_fence":3,"minecraft:spruce_leaves":7,"minecraft:moss_block":1,"minecraft:sandstone":2,"minecraft:hay_block":17,"minecraft:furnace":10,"minecraft:andesite":26,"treasure2:crystal_skull_chest":1,"minecraft:gold_block":4,"soulsweapons:moonstone_ore_deepslate":11,"minecraft:bookshelf":20,"minecraft:potatoes":14,"minecraft:shroomlight":3,"minecraft:deepslate_iron_ore":5,"minecraft:stone":337,"minecraft:bone_block":4,"minecraft:white_wool":1,"minecraft:pink_terracotta":9,"minecraft:basalt":24,"minecraft:dandelion":1,"minecraft:oak_fence":1,"minecraft:crafting_table":14,"minecraft:tall_grass":1,"minecraft:copper_ore":15,"minecraft:deepslate_gold_ore":17,"minecraft:diorite":16,"minecraft:gray_wool":4,"minecraft:birch_planks":5,"minecraft:sweet_berry_bush":3,"minecraft:spruce_log":97,"minecraft:birch_leaves":65,"minecraft:yellow_bed":2,"minecraft:coal_ore":147,"minecraft:gravel":3,"minecraft:acacia_planks":9,"minecraft:stripped_acacia_wood":22,"minecraft:fern":2},"minecraft:used":{"minecraft:bone_block":1,"minecraft:chest":2,"minecraft:shield":93,"tombstone:lollipop":3,"minecraft:iron_chestplate":2,"minecraft:pink_terracotta":3,"minecraft:obsidian":7,"minecraft:coal_ore":7,"treasure2:copper_broad_axe":40,"minecraft:bow":46,"minecraft:sweet_berries":5,"minecraft:furnace":10,"immersive_aircraft:biplane":10,"minecraft:potato":57,"minecraft:end_stone_bricks":2,"minecraft:diamond_boots":1,"minecraft:stone_pickaxe":397,"minecraft:oak_planks":3,"minecraft:wooden_pickaxe":25,"minecraft:diamond_axe":4,"farmersdelight:organic_compost":6,"minecraft:white_wool":1,"minecraft:golden_apple":5,"minecraft:glow_berries":2,"minecraft:sand":39,"soulsweapons:bluemoon_shortsword":302,"minecraft:shears":4,"minecraft:bread":5,"minecraft:string":1,"tombstone:grave_key":20,"minecraft:gravel":1,"minecraft:golden_helmet":1,"minecraft:wooden_sword":7,"minecraft:andesite":5,"soulsweapons:sting":62,"minecraft:flint_and_steel":9,"minecraft:spruce_planks":348,"farmersdelight:rich_soil":4,"minecraft:netherrack":1,"minecraft:torch":155,"minecraft:dirt":76,"minecraft:anvil":2,"minecraft:diamond_helmet":2,"minecraft:granite":22,"minecraft:shroomlight":1,"minecraft:wooden_axe":98,"minecraft:iron_axe":229,"minecraft:oak_stairs":3,"minecraft:acacia_slab":2,"minecraft:iron_boots":1,"minecraft:diamond_chestplate":1,"minecraft:basalt":11,"minecraft:golden_carrot":11,"minecraft:netherite_pickaxe":88,"tombstone:gift":9,"minecraft:cooked_beef":21,"minecraft:acacia_planks":86,"minecraft:cobbled_deepslate":194,"minecraft:turtle_egg":1,"minecraft:iron_leggings":3,"minecraft:turtle_spawn_egg":2,"minecraft:cooked_mutton":14,"tombstone:scroll_of_mercy":13,"minecraft:iron_ore":5,"minecraft:birch_planks":94,"soulsweapons:moonstone_pickaxe":391,"minecraft:mossy_cobblestone":7,"minecraft:crafting_table":19,"minecraft:white_bed":6,"minecraft:wooden_hoe":30,"minecraft:apple":4,"minecraft:iron_pickaxe":252,"tombstone:magic_scroll":2,"minecraft:leather_helmet":1,"minecraft:stone_axe":35,"minecraft:cobblestone":269,"minecraft:cooked_porkchop":20,"minecraft:gray_wool":5,"minecraft:dandelion":1,"minecraft:splash_potion":2},"minecraft:killed_by":{"minecraft:wither_skeleton":7,"minecraft:creeper":2,"minecraft:zombie":1,"minecraft:husk":1,"minecraft:hoglin":3,"minecraft:skeleton":8}},"DataVersion":3465}