{"stats":{"minecraft:picked_up":{"minecraft:seagrass":2,"soulsweapons:moonstone":11,"minecraft:enchanted_book":1,"minecraft:stone_brick_stairs":1,"minecraft:raw_copper":47,"minecraft:cobbled_deepslate":210,"bosses_of_mass_destruction:soul_star":3,"minecraft:spruce_planks":30,"minecraft:furnace":7,"minecraft:stick":32,"minecraft:acacia_fence":1,"minecraft:oak_fence":1,"minecraft:torch":23,"minecraft:porkchop":21,"tombstone:grave_dust":12,"minecraft:diorite":15,"treasure2:copper_broad_axe":1,"tombstone:lollipop":2,"minecraft:rotten_flesh":23,"minecraft:obsidian":1,"minecraft:cobblestone":339,"minecraft:birch_log":27,"minecraft:lilac":1,"minecraft:andesite":6,"minecraft:black_bed":1,"minecraft:potato":20,"minecraft:lapis_lazuli":5,"minecraft:dirt":78,"treasure2:crystal_skull_chest":1,"minecraft:bone":38,"minecraft:acacia_planks":8,"minecraft:bow":4,"minecraft:wheat_seeds":4,"minecraft:raw_gold":17,"minecraft:oak_planks":27,"minecraft:cooked_porkchop":1,"minecraft:sand":45,"minecraft:mossy_cobblestone":1,"minecraft:dark_prismarine":10,"minecraft:diamond":13,"minecraft:granite":22,"minecraft:spruce_sign":2,"soulsweapons:verglas":7,"minecraft:oak_sapling":23,"minecraft:netherrack":2,"minecraft:crafting_table":13,"minecraft:allium":1,"minecraft:stone_brick_wall":2,"minecraft:gold_block":2,"immersive_aircraft:biplane":3,"minecraft:item_frame":1,"minecraft:beef":27,"minecraft:light_gray_wool":1,"minecraft:birch_sapling":11,"minecraft:raw_iron":97,"minecraft:redstone":24,"minecraft:arrow":32,"minecraft:hay_block":17,"tombstone:essence_of_undeath":2,"minecraft:glow_berries":2,"minecraft:mutton":18,"minecraft:white_wool":10,"minecraft:bone_block":2,"minecraft:netherite_boots":1,"farmersdelight:rich_soil":7,"minecraft:leather":9,"minecraft:red_mushroom":1,"minecraft:birch_planks":3,"minecraft:oak_log":45,"minecraft:chainmail_chestplate":1,"minecraft:yellow_bed":2,"minecraft:gunpowder":4,"tombstone:gift":2,"farmersdelight:organic_compost":12,"minecraft:apple":4,"minecraft:spruce_wood":1,"minecraft:iron_ingot":6,"tombstone:bag_of_seeds":2,"minecraft:iron_sword":1,"minecraft:book":60,"minecraft:sweet_berries":4,"minecraft:dandelion":2,"minecraft:gravel":1,"minecraft:spruce_sapling":4,"minecraft:white_bed":5,"minecraft:spruce_log":94,"minecraft:crying_obsidian":2,"minecraft:mossy_stone_brick_slab":1,"minecraft:spider_eye":1,"minecraft:leather_helmet":2,"treasure2:copper_coin":3,"treasure2:silver_coin":4,"tombstone:magic_scroll":2,"minecraft:black_wool":1,"minecraft:coal":181},"minecraft:broken":{"minecraft:iron_leggings":1,"minecraft:stone_pickaxe":3,"minecraft:wooden_axe":1,"minecraft:bow":1,"minecraft:shield":1,"minecraft:iron_pickaxe":1},"minecraft:dropped":{"minecraft:spruce_sign":2,"minecraft:iron_sword":1,"minecraft:porkchop":4,"minecraft:lapis_lazuli":1,"minecraft:oak_log":36,"minecraft:cooked_porkchop":1,"minecraft:black_bed":1,"minecraft:leather":3,"minecraft:leather_helmet":2,"minecraft:red_mushroom":1,"minecraft:item_frame":1,"minecraft:dirt":13,"tombstone:bag_of_seeds":2,"minecraft:seagrass":2,"minecraft:wooden_sword":1,"minecraft:sand":22,"minecraft:white_wool":6,"minecraft:bone":6,"minecraft:cobbled_deepslate":8,"minecraft:birch_sapling":12,"tombstone:gift":2,"minecraft:rotten_flesh":18,"minecraft:oak_planks":20,"minecraft:mossy_stone_brick_slab":1,"minecraft:cooked_mutton":4,"treasure2:silver_coin":4,"minecraft:chainmail_chestplate":1,"bosses_of_mass_destruction:soul_star":2,"minecraft:gunpowder":1,"soulsweapons:verglas":3,"treasure2:copper_coin":3,"minecraft:stone_brick_wall":2,"minecraft:arrow":4,"minecraft:beef":6,"minecraft:wheat_seeds":4,"minecraft:golden_helmet":1,"minecraft:lilac":1,"minecraft:mossy_cobblestone":1,"minecraft:oak_fence":1,"minecraft:cobblestone":32,"minecraft:book":60,"minecraft:apple":3,"treasure2:crystal_skull_chest":1,"minecraft:stick":19,"treasure2:copper_broad_axe":1,"minecraft:torch":3,"minecraft:wooden_hoe":1,"minecraft:wooden_axe":1,"farmersdelight:organic_compost":6,"tombstone:grave_dust":11,"minecraft:iron_leggings":1,"farmersdelight:rich_soil":3,"minecraft:dandelion":1,"minecraft:furnace":1,"minecraft:light_gray_wool":1,"minecraft:potato":11,"minecraft:hay_block":17,"minecraft:shield":1,"minecraft:allium":1,"minecraft:iron_chestplate":2,"minecraft:andesite":1,"minecraft:yellow_bed":1,"minecraft:oak_sapling":23,"tombstone:essence_of_undeath":2,"minecraft:bow":1,"minecraft:stone_pickaxe":1,"minecraft:wooden_pickaxe":2,"minecraft:black_wool":1},"minecraft:killed_by":{"minecraft:wither_skeleton":3,"minecraft:creeper":1,"minecraft:husk":1,"minecraft:hoglin":2,"minecraft:skeleton":7},"minecraft:used":{"minecraft:chest":1,"minecraft:shield":81,"tombstone:lollipop":2,"minecraft:iron_chestplate":2,"minecraft:obsidian":3,"treasure2:copper_broad_axe":40,"minecraft:bow":31,"minecraft:sweet_berries":5,"minecraft:furnace":7,"immersive_aircraft:biplane":4,"minecraft:potato":57,"minecraft:diamond_boots":1,"minecraft:stone_pickaxe":397,"minecraft:wooden_pickaxe":25,"farmersdelight:organic_compost":6,"minecraft:glow_berries":2,"minecraft:sand":3,"soulsweapons:bluemoon_shortsword":220,"tombstone:grave_key":11,"minecraft:gravel":1,"minecraft:golden_helmet":1,"minecraft:wooden_sword":7,"minecraft:andesite":5,"soulsweapons:sting":62,"minecraft:flint_and_steel":1,"minecraft:spruce_planks":262,"farmersdelight:rich_soil":4,"minecraft:torch":152,"minecraft:dirt":65,"minecraft:diamond_helmet":2,"minecraft:granite":22,"minecraft:wooden_axe":98,"minecraft:iron_axe":154,"minecraft:iron_boots":1,"minecraft:diamond_chestplate":1,"minecraft:netherite_pickaxe":7,"tombstone:gift":6,"minecraft:cooked_beef":11,"minecraft:cobbled_deepslate":194,"minecraft:iron_leggings":2,"minecraft:cooked_mutton":14,"minecraft:birch_planks":37,"soulsweapons:moonstone_pickaxe":249,"minecraft:crafting_table":16,"minecraft:white_bed":5,"minecraft:wooden_hoe":30,"minecraft:apple":4,"minecraft:iron_pickaxe":252,"minecraft:leather_helmet":1,"minecraft:stone_axe":35,"minecraft:cobblestone":237,"minecraft:cooked_porkchop":17,"minecraft:dandelion":1},"minecraft:mined":{"minecraft:dark_oak_planks":6,"minecraft:spruce_planks":32,"minecraft:white_bed":5,"farmersdelight:rich_soil":5,"minecraft:mossy_stone_brick_slab":1,"minecraft:jungle_leaves":17,"minecraft:obsidian":1,"minecraft:cave_vines_plant":2,"minecraft:granite":27,"minecraft:grass_block":11,"minecraft:spawner":6,"minecraft:iron_ore":69,"minecraft:cobbled_deepslate":2,"minecraft:fire":5,"minecraft:deepslate_lapis_ore":1,"minecraft:cave_vines":3,"minecraft:spruce_wood":1,"farmersdelight:rich_soil_farmland":2,"minecraft:deepslate_redstone_ore":5,"farmersdelight:organic_compost":12,"soulsweapons:verglas_ore_deepslate":5,"minecraft:clay":7,"minecraft:torch":19,"minecraft:cobblestone":29,"minecraft:wall_torch":3,"minecraft:birch_log":27,"minecraft:wheat":1,"minecraft:lilac":1,"minecraft:black_bed":1,"minecraft:stone_brick_stairs":1,"minecraft:grass":15,"minecraft:oak_log":43,"minecraft:acacia_fence":1,"minecraft:sand":30,"minecraft:dirt":53,"minecraft:oak_leaves":38,"minecraft:deepslate":204,"soulsweapons:verglas_ore":2,"minecraft:dark_prismarine":10,"minecraft:crying_obsidian":2,"minecraft:tuff":4,"minecraft:mossy_cobblestone":1,"minecraft:deepslate_diamond_ore":13,"minecraft:spruce_leaves":7,"minecraft:moss_block":1,"minecraft:hay_block":17,"minecraft:furnace":7,"minecraft:andesite":24,"treasure2:crystal_skull_chest":1,"minecraft:gold_block":2,"soulsweapons:moonstone_ore_deepslate":11,"minecraft:bookshelf":20,"minecraft:potatoes":14,"minecraft:deepslate_iron_ore":5,"minecraft:stone":293,"minecraft:bone_block":4,"minecraft:dandelion":1,"minecraft:oak_fence":1,"minecraft:crafting_table":12,"minecraft:tall_grass":1,"minecraft:copper_ore":15,"minecraft:deepslate_gold_ore":17,"minecraft:diorite":15,"minecraft:birch_planks":4,"minecraft:sweet_berry_bush":3,"minecraft:spruce_log":97,"minecraft:birch_leaves":65,"minecraft:yellow_bed":2,"minecraft:coal_ore":92,"minecraft:gravel":1,"minecraft:acacia_planks":8,"minecraft:fern":2},"minecraft:crafted":{"immersive_aircraft:engine":1,"minecraft:oak_planks":36,"minecraft:smooth_stone":3,"minecraft:stone":3,"minecraft:cooked_mutton":18,"minecraft:diamond_helmet":1,"minecraft:iron_boots":1,"minecraft:bow":1,"immersive_aircraft:hull":3,"minecraft:chest":2,"sophisticatedbackpacks:backpack":1,"minecraft:cooked_porkchop":17,"minecraft:crafting_table":4,"minecraft:spruce_planks":316,"minecraft:wooden_pickaxe":2,"minecraft:copper_ingot":8,"minecraft:birch_planks":108,"immersive_aircraft:propeller":1,"minecraft:wooden_hoe":1,"minecraft:iron_chestplate":1,"minecraft:shield":3,"minecraft:stick":56,"minecraft:iron_ingot":48,"minecraft:iron_pickaxe":1,"minecraft:wooden_sword":1,"minecraft:furnace":4,"immersive_aircraft:biplane":1,"minecraft:blast_furnace":1,"minecraft:piston":2,"minecraft:flint_and_steel":1,"minecraft:iron_axe":1,"minecraft:stone_pickaxe":5,"soulsweapons:moonstone_pickaxe":2,"minecraft:cooked_beef":11,"soulsweapons:bluemoon_shortsword":1,"immersive_aircraft:boiler":1,"minecraft:stone_axe":1,"minecraft:air":0,"minecraft:wooden_axe":3,"minecraft:iron_leggings":2,"minecraft:white_bed":1,"soulsweapons:sting":1,"minecraft:torch":132,"minecraft:diamond_chestplate":1},"minecraft:killed":{"minecraft:spider":1,"minecraft:skeleton":22,"minecraft:pig":8,"minecraft:zombie_villager":2,"minecraft:salmon":1,"minecraft:creeper":2,"minecraft:sheep":12,"minecraft:zombie":34,"minecraft:cow":12,"minecraft:horse":3,"minecraft:hoglin":1,"minecraft:wither_skeleton":8},"minecraft:custom":{"minecraft:interact_with_crafting_table":72,"minecraft:open_barrel":9,"minecraft:leave_game":3,"minecraft:time_since_death":27589,"minecraft:damage_resisted":298,"minecraft:sprint_one_cm":504934,"minecraft:damage_blocked_by_shield":4725,"minecraft:drop":136,"tombstone:eaten_lollipop":2,"minecraft:play_time":274584,"minecraft:deaths":19,"minecraft:jump":3276,"minecraft:walk_on_water_one_cm":46405,"minecraft:interact_with_furnace":71,"minecraft:sleep_in_bed":9,"minecraft:waystone_activated":1,"minecraft:damage_dealt":18520,"minecraft:crouch_one_cm":25470,"tombstone:undead_killed":66,"minecraft:mob_kills":110,"minecraft:climb_one_cm":2612,"minecraft:walk_one_cm":412243,"minecraft:sneak_time":15585,"minecraft:walk_under_water_one_cm":33678,"minecraft:total_world_time":274584,"minecraft:time_since_rest":27267,"minecraft:damage_taken":7076,"minecraft:swim_one_cm":51159,"minecraft:fly_one_cm":541661,"minecraft:open_chest":59,"minecraft:fall_one_cm":64535}},"DataVersion":3465}