{"stats":{"minecraft:picked_up":{"minecraft:crafting_table":12,"minecraft:allium":1,"soulsweapons:moonstone":11,"minecraft:stone_brick_wall":2,"minecraft:enchanted_book":1,"minecraft:stone_brick_stairs":1,"minecraft:raw_copper":47,"minecraft:item_frame":1,"minecraft:cobbled_deepslate":210,"bosses_of_mass_destruction:soul_star":2,"minecraft:beef":9,"minecraft:light_gray_wool":1,"minecraft:birch_sapling":11,"minecraft:furnace":5,"minecraft:stick":28,"minecraft:raw_iron":74,"minecraft:oak_fence":1,"minecraft:torch":23,"minecraft:porkchop":17,"tombstone:grave_dust":9,"minecraft:diorite":15,"minecraft:redstone":24,"treasure2:copper_broad_axe":1,"tombstone:lollipop":2,"minecraft:arrow":30,"minecraft:rotten_flesh":21,"minecraft:hay_block":17,"tombstone:essence_of_undeath":2,"minecraft:glow_berries":2,"minecraft:mutton":18,"minecraft:white_wool":10,"minecraft:cobblestone":308,"minecraft:birch_log":27,"farmersdelight:rich_soil":7,"minecraft:lilac":1,"minecraft:andesite":6,"minecraft:black_bed":1,"minecraft:leather":3,"minecraft:red_mushroom":1,"minecraft:potato":20,"minecraft:birch_planks":3,"minecraft:oak_log":45,"minecraft:chainmail_chestplate":1,"minecraft:yellow_bed":2,"minecraft:gunpowder":4,"minecraft:lapis_lazuli":5,"minecraft:dirt":78,"tombstone:gift":2,"treasure2:crystal_skull_chest":1,"farmersdelight:organic_compost":12,"minecraft:bone":24,"minecraft:apple":4,"minecraft:bow":2,"minecraft:wheat_seeds":4,"minecraft:raw_gold":17,"minecraft:iron_ingot":5,"tombstone:bag_of_seeds":2,"minecraft:iron_sword":1,"minecraft:oak_planks":27,"minecraft:book":60,"minecraft:cooked_porkchop":1,"minecraft:gravel":1,"minecraft:dandelion":2,"minecraft:sand":1,"minecraft:spruce_log":2,"minecraft:white_bed":2,"minecraft:mossy_cobblestone":1,"minecraft:leather_helmet":2,"treasure2:copper_coin":3,"minecraft:diamond":13,"treasure2:silver_coin":4,"minecraft:granite":22,"soulsweapons:verglas":7,"minecraft:spruce_sign":2,"tombstone:magic_scroll":1,"minecraft:oak_sapling":23,"minecraft:black_wool":1,"minecraft:coal":143},"minecraft:broken":{"minecraft:stone_pickaxe":3,"minecraft:shield":1,"minecraft:iron_pickaxe":1,"minecraft:wooden_axe":1,"minecraft:bow":1},"minecraft:dropped":{"minecraft:spruce_sign":2,"minecraft:iron_sword":1,"minecraft:wheat_seeds":4,"minecraft:golden_helmet":1,"minecraft:lapis_lazuli":1,"minecraft:lilac":1,"minecraft:oak_log":36,"minecraft:mossy_cobblestone":1,"minecraft:cooked_porkchop":1,"minecraft:oak_fence":1,"minecraft:cobblestone":5,"minecraft:book":60,"minecraft:black_bed":1,"minecraft:leather":3,"minecraft:apple":3,"minecraft:leather_helmet":1,"treasure2:crystal_skull_chest":1,"minecraft:red_mushroom":1,"minecraft:item_frame":1,"minecraft:stick":19,"minecraft:dirt":13,"tombstone:bag_of_seeds":2,"treasure2:copper_broad_axe":1,"minecraft:torch":3,"minecraft:wooden_hoe":1,"minecraft:wooden_axe":1,"farmersdelight:organic_compost":6,"tombstone:grave_dust":11,"minecraft:iron_leggings":1,"minecraft:wooden_sword":1,"minecraft:sand":1,"minecraft:white_wool":6,"farmersdelight:rich_soil":3,"minecraft:dandelion":1,"minecraft:bone":6,"minecraft:furnace":1,"minecraft:cobbled_deepslate":8,"minecraft:birch_sapling":12,"tombstone:gift":2,"minecraft:rotten_flesh":16,"minecraft:light_gray_wool":1,"minecraft:oak_planks":20,"minecraft:cooked_mutton":4,"treasure2:silver_coin":4,"minecraft:chainmail_chestplate":1,"bosses_of_mass_destruction:soul_star":1,"minecraft:potato":11,"minecraft:hay_block":17,"minecraft:shield":1,"soulsweapons:verglas":3,"minecraft:gunpowder":1,"minecraft:allium":1,"treasure2:copper_coin":3,"minecraft:iron_chestplate":2,"minecraft:andesite":1,"minecraft:yellow_bed":1,"minecraft:stone_brick_wall":2,"minecraft:oak_sapling":23,"tombstone:essence_of_undeath":2,"minecraft:arrow":4,"minecraft:beef":6,"minecraft:stone_pickaxe":1,"minecraft:wooden_pickaxe":1,"minecraft:black_wool":1},"minecraft:killed_by":{"minecraft:creeper":1,"minecraft:skeleton":6},"minecraft:mined":{"minecraft:tuff":4,"minecraft:white_bed":2,"farmersdelight:rich_soil":5,"minecraft:mossy_cobblestone":1,"minecraft:deepslate_diamond_ore":13,"minecraft:granite":27,"minecraft:cave_vines_plant":2,"minecraft:grass_block":11,"minecraft:moss_block":1,"minecraft:spawner":1,"minecraft:hay_block":17,"minecraft:furnace":5,"minecraft:cobbled_deepslate":2,"minecraft:iron_ore":69,"minecraft:andesite":24,"minecraft:deepslate_lapis_ore":1,"treasure2:crystal_skull_chest":1,"soulsweapons:moonstone_ore_deepslate":11,"minecraft:potatoes":14,"minecraft:bookshelf":20,"minecraft:deepslate_iron_ore":5,"minecraft:cave_vines":3,"minecraft:stone":289,"farmersdelight:rich_soil_farmland":2,"minecraft:deepslate_redstone_ore":5,"farmersdelight:organic_compost":12,"soulsweapons:verglas_ore_deepslate":5,"minecraft:dandelion":1,"minecraft:clay":7,"minecraft:oak_fence":1,"minecraft:crafting_table":11,"minecraft:torch":19,"minecraft:cobblestone":29,"minecraft:copper_ore":15,"minecraft:tall_grass":1,"minecraft:deepslate_gold_ore":17,"minecraft:diorite":15,"minecraft:wall_torch":3,"minecraft:birch_planks":4,"minecraft:birch_log":27,"minecraft:wheat":1,"minecraft:lilac":1,"minecraft:spruce_log":2,"minecraft:birch_leaves":65,"minecraft:black_bed":1,"minecraft:yellow_bed":2,"minecraft:stone_brick_stairs":1,"minecraft:grass":15,"minecraft:coal_ore":92,"minecraft:oak_log":43,"minecraft:gravel":1,"minecraft:dirt":53,"minecraft:sand":1,"minecraft:deepslate":204,"minecraft:oak_leaves":38,"soulsweapons:verglas_ore":2},"minecraft:used":{"soulsweapons:sting":53,"minecraft:shield":81,"tombstone:lollipop":2,"farmersdelight:rich_soil":4,"minecraft:iron_chestplate":2,"minecraft:torch":152,"minecraft:dirt":65,"minecraft:diamond_helmet":1,"minecraft:granite":22,"minecraft:wooden_axe":98,"minecraft:iron_boots":1,"minecraft:diamond_chestplate":1,"treasure2:copper_broad_axe":40,"minecraft:bow":25,"minecraft:furnace":6,"tombstone:gift":5,"minecraft:cooked_beef":3,"minecraft:potato":57,"minecraft:cobbled_deepslate":194,"minecraft:iron_leggings":2,"minecraft:cooked_mutton":14,"minecraft:birch_planks":37,"minecraft:stone_pickaxe":397,"soulsweapons:moonstone_pickaxe":219,"minecraft:wooden_pickaxe":25,"farmersdelight:organic_compost":6,"minecraft:glow_berries":2,"soulsweapons:bluemoon_shortsword":124,"minecraft:crafting_table":16,"minecraft:white_bed":2,"minecraft:wooden_hoe":30,"minecraft:apple":4,"minecraft:iron_pickaxe":252,"minecraft:gravel":1,"minecraft:leather_helmet":1,"tombstone:grave_key":7,"minecraft:golden_helmet":1,"minecraft:stone_axe":35,"minecraft:wooden_sword":7,"minecraft:cobblestone":237,"minecraft:cooked_porkchop":17,"minecraft:andesite":5,"minecraft:dandelion":1},"minecraft:crafted":{"minecraft:wooden_sword":1,"minecraft:oak_planks":36,"minecraft:furnace":2,"minecraft:cooked_mutton":18,"minecraft:diamond_helmet":1,"minecraft:iron_boots":1,"minecraft:stone_pickaxe":5,"soulsweapons:moonstone_pickaxe":2,"minecraft:cooked_beef":3,"soulsweapons:bluemoon_shortsword":1,"minecraft:cooked_porkchop":17,"minecraft:crafting_table":4,"minecraft:spruce_planks":8,"minecraft:wooden_pickaxe":2,"minecraft:birch_planks":108,"minecraft:stone_axe":1,"minecraft:air":0,"minecraft:iron_chestplate":1,"minecraft:wooden_hoe":1,"minecraft:shield":3,"minecraft:stick":56,"minecraft:iron_ingot":37,"minecraft:iron_pickaxe":1,"minecraft:wooden_axe":3,"minecraft:iron_leggings":2,"minecraft:white_bed":1,"soulsweapons:sting":1,"minecraft:torch":132,"minecraft:diamond_chestplate":1},"minecraft:killed":{"minecraft:skeleton":21,"minecraft:horse":3,"minecraft:pig":8,"minecraft:zombie_villager":1,"minecraft:salmon":1,"minecraft:creeper":2,"minecraft:sheep":12,"minecraft:zombie":33,"minecraft:cow":3},"minecraft:custom":{"minecraft:mob_kills":88,"minecraft:interact_with_crafting_table":53,"minecraft:leave_game":2,"minecraft:time_since_death":1302,"minecraft:climb_one_cm":2584,"minecraft:sprint_one_cm":424945,"minecraft:walk_one_cm":321048,"minecraft:damage_blocked_by_shield":4725,"minecraft:drop":105,"tombstone:eaten_lollipop":2,"minecraft:play_time":203250,"minecraft:deaths":12,"minecraft:sneak_time":6387,"minecraft:walk_under_water_one_cm":32831,"minecraft:jump":2771,"minecraft:walk_on_water_one_cm":45357,"minecraft:total_world_time":203250,"minecraft:interact_with_furnace":50,"minecraft:sleep_in_bed":5,"minecraft:time_since_rest":961,"minecraft:waystone_activated":1,"minecraft:damage_taken":4682,"minecraft:damage_dealt":12873,"minecraft:swim_one_cm":42559,"minecraft:fly_one_cm":480757,"minecraft:open_chest":23,"minecraft:crouch_one_cm":7467,"tombstone:undead_killed":55,"minecraft:fall_one_cm":49425}},"DataVersion":3465}