{"stats":{"minecraft:picked_up":{"minecraft:birch_log":9,"minecraft:crafting_table":3,"farmersdelight:rich_soil":7,"minecraft:allium":1,"minecraft:lilac":1,"minecraft:black_bed":1,"minecraft:leather":3,"minecraft:red_mushroom":1,"minecraft:potato":18,"minecraft:stone_brick_wall":2,"minecraft:birch_planks":3,"minecraft:stone_brick_stairs":1,"minecraft:oak_log":45,"minecraft:chainmail_chestplate":1,"minecraft:gunpowder":1,"minecraft:lapis_lazuli":1,"minecraft:dirt":36,"treasure2:crystal_skull_chest":1,"farmersdelight:organic_compost":12,"minecraft:item_frame":1,"minecraft:bone":6,"minecraft:apple":4,"minecraft:wheat_seeds":4,"minecraft:iron_ingot":5,"minecraft:beef":6,"minecraft:light_gray_wool":1,"minecraft:birch_sapling":5,"minecraft:oak_planks":27,"minecraft:furnace":2,"minecraft:book":60,"minecraft:stick":25,"minecraft:oak_fence":1,"minecraft:dandelion":2,"minecraft:sand":1,"tombstone:grave_dust":1,"minecraft:leather_helmet":1,"treasure2:copper_broad_axe":1,"treasure2:copper_coin":3,"minecraft:rotten_flesh":2,"minecraft:arrow":4,"treasure2:silver_coin":4,"minecraft:hay_block":17,"minecraft:spruce_sign":2,"minecraft:oak_sapling":23,"minecraft:black_wool":1,"minecraft:mutton":12,"minecraft:white_wool":6,"minecraft:cobblestone":8},"minecraft:broken":{"minecraft:wooden_axe":1},"minecraft:dropped":{"minecraft:spruce_sign":1,"minecraft:wheat_seeds":3,"minecraft:lapis_lazuli":1,"minecraft:oak_log":36,"minecraft:lilac":1,"minecraft:birch_sapling":6,"minecraft:cobblestone":1,"minecraft:book":60,"minecraft:light_gray_wool":1,"minecraft:leather":3,"treasure2:silver_coin":4,"minecraft:potato":9,"minecraft:dirt":2,"minecraft:shield":1,"minecraft:allium":1,"treasure2:copper_coin":3,"minecraft:stone_brick_wall":2,"tombstone:grave_dust":3,"minecraft:beef":6,"farmersdelight:rich_soil":3,"minecraft:white_wool":6,"minecraft:black_wool":1,"minecraft:dandelion":1,"minecraft:bone":6},"minecraft:killed_by":{"minecraft:skeleton":5},"minecraft:mined":{"farmersdelight:rich_soil":5,"farmersdelight:organic_compost":12,"minecraft:dandelion":1,"minecraft:oak_fence":1,"minecraft:crafting_table":3,"minecraft:grass_block":3,"minecraft:tall_grass":1,"minecraft:hay_block":17,"minecraft:birch_planks":4,"minecraft:furnace":2,"minecraft:birch_log":9,"minecraft:wheat":1,"minecraft:lilac":1,"minecraft:birch_leaves":63,"minecraft:black_bed":1,"minecraft:stone_brick_stairs":1,"treasure2:crystal_skull_chest":1,"minecraft:grass":11,"minecraft:bookshelf":20,"minecraft:potatoes":14,"minecraft:oak_log":43,"minecraft:sand":1,"minecraft:dirt":19,"minecraft:stone":8,"farmersdelight:rich_soil_farmland":2,"minecraft:oak_leaves":37},"minecraft:used":{"minecraft:cooked_mutton":8,"minecraft:birch_planks":28,"minecraft:stone_pickaxe":2,"minecraft:wooden_pickaxe":14,"farmersdelight:rich_soil":4,"farmersdelight:organic_compost":6,"minecraft:iron_chestplate":1,"minecraft:dirt":33,"minecraft:crafting_table":4,"minecraft:wooden_axe":83,"minecraft:wooden_hoe":30,"minecraft:apple":4,"minecraft:leather_helmet":1,"tombstone:grave_key":3,"minecraft:wooden_sword":7,"treasure2:copper_broad_axe":40,"minecraft:furnace":1,"tombstone:gift":4,"minecraft:dandelion":1,"minecraft:potato":55,"minecraft:iron_leggings":1},"minecraft:crafted":{"minecraft:wooden_sword":1,"minecraft:oak_planks":36,"minecraft:crafting_table":1,"minecraft:wooden_pickaxe":1,"minecraft:birch_planks":36,"minecraft:cooked_mutton":12,"minecraft:air":0,"minecraft:wooden_hoe":1,"minecraft:shield":1,"minecraft:stick":4,"minecraft:wooden_axe":2,"minecraft:stone_pickaxe":1,"minecraft:iron_leggings":1},"minecraft:killed":{"minecraft:horse":3,"minecraft:sheep":8,"minecraft:cow":2},"minecraft:custom":{"minecraft:interact_with_furnace":13,"minecraft:mob_kills":14,"minecraft:interact_with_crafting_table":11,"minecraft:leave_game":2,"minecraft:time_since_death":49118,"minecraft:sleep_in_bed":3,"minecraft:climb_one_cm":2584,"minecraft:waystone_activated":1,"minecraft:time_since_rest":2550,"minecraft:sprint_one_cm":194071,"minecraft:damage_taken":1694,"minecraft:walk_one_cm":89054,"minecraft:drop":34,"minecraft:damage_dealt":1630,"minecraft:swim_one_cm":16924,"minecraft:fly_one_cm":279022,"minecraft:open_chest":12,"minecraft:crouch_one_cm":723,"minecraft:play_time":83654,"minecraft:deaths":7,"minecraft:sneak_time":1175,"minecraft:walk_under_water_one_cm":10362,"minecraft:jump":1055,"minecraft:walk_on_water_one_cm":10297,"minecraft:total_world_time":83654,"minecraft:fall_one_cm":24567}},"DataVersion":3465}