{"stats":{"minecraft:picked_up":{"minecraft:birch_log":13,"minecraft:crafting_table":3,"minecraft:andesite":2,"soulsweapons:moonstone":1,"minecraft:birch_planks":3,"minecraft:dirt":2,"minecraft:red_bed":3,"minecraft:string":2,"minecraft:raw_copper":26,"minecraft:bone":3,"minecraft:beetroot":6,"minecraft:cobbled_deepslate":14,"minecraft:birch_sapling":4,"minecraft:furnace":1,"minecraft:book":3,"minecraft:stick":3,"minecraft:raw_iron":48,"minecraft:torch":3,"tombstone:grave_dust":3,"minecraft:diorite":15,"minecraft:redstone":21,"minecraft:bundle":1,"minecraft:arrow":7,"minecraft:rotten_flesh":4,"minecraft:beetroot_seeds":11,"soulsweapons:verglas":3,"minecraft:mutton":1,"minecraft:coal":6,"minecraft:cobblestone":146,"minecraft:white_wool":1},"minecraft:killed":{"minecraft:skeleton":3,"minecraft:sheep":1,"minecraft:zombie":1,"minecraft:piglin_brute":1},"minecraft:custom":{"minecraft:interact_with_furnace":28,"minecraft:mob_kills":7,"minecraft:interact_with_crafting_table":20,"minecraft:leave_game":3,"minecraft:time_since_death":2886,"minecraft:sleep_in_bed":2,"minecraft:time_since_rest":2353,"minecraft:sprint_one_cm":29858,"minecraft:damage_taken":827,"minecraft:walk_one_cm":93148,"minecraft:damage_blocked_by_shield":2355,"minecraft:drop":6,"minecraft:damage_dealt":1086,"minecraft:swim_one_cm":1714,"minecraft:fly_one_cm":19498,"minecraft:open_chest":1,"minecraft:crouch_one_cm":1848,"minecraft:play_time":51068,"tombstone:undead_killed":4,"minecraft:deaths":3,"minecraft:sneak_time":975,"minecraft:walk_under_water_one_cm":830,"minecraft:jump":298,"minecraft:walk_on_water_one_cm":2969,"minecraft:total_world_time":51068,"minecraft:fall_one_cm":3563},"minecraft:broken":{"minecraft:stone_pickaxe":1},"minecraft:dropped":{"minecraft:birch_sapling":4,"minecraft:rotten_flesh":1,"tombstone:grave_dust":1},"minecraft:mined":{"minecraft:red_bed":3,"soulsweapons:verglas_ore_deepslate":1,"minecraft:crafting_table":3,"minecraft:torch":1,"minecraft:grass_block":1,"minecraft:mushroom_stem":1,"minecraft:copper_ore":8,"minecraft:diorite":15,"minecraft:wall_torch":2,"minecraft:birch_planks":3,"minecraft:redstone_ore":5,"minecraft:furnace":1,"minecraft:birch_log":13,"minecraft:iron_ore":42,"minecraft:andesite":2,"minecraft:birch_leaves":1,"minecraft:grass":1,"soulsweapons:moonstone_ore_deepslate":1,"minecraft:coal_ore":6,"minecraft:beetroots":6,"minecraft:deepslate_iron_ore":6,"minecraft:dirt":1,"minecraft:stone":147,"minecraft:deepslate":16,"soulsweapons:verglas_ore":2},"minecraft:crafted":{"minecraft:wooden_shovel":1,"minecraft:crafting_table":1,"minecraft:baked_potato":4,"minecraft:wooden_pickaxe":1,"minecraft:iron_helmet":1,"minecraft:furnace":2,"minecraft:copper_ingot":7,"minecraft:birch_planks":52,"minecraft:stone_axe":1,"minecraft:cooked_mutton":1,"minecraft:air":0,"minecraft:iron_boots":1,"minecraft:iron_chestplate":1,"minecraft:shield":1,"minecraft:stick":16,"minecraft:iron_ingot":30,"minecraft:iron_pickaxe":1,"minecraft:stone_pickaxe":3,"minecraft:wooden_axe":1,"minecraft:iron_leggings":1,"minecraft:torch":4},"minecraft:used":{"minecraft:beetroot":6,"minecraft:cooked_mutton":1,"minecraft:diorite":3,"minecraft:birch_planks":3,"minecraft:stone_pickaxe":177,"minecraft:baked_potato":2,"minecraft:wooden_pickaxe":11,"minecraft:shield":36,"minecraft:wooden_shovel":2,"minecraft:rotten_flesh":2,"minecraft:iron_chestplate":1,"minecraft:torch":6,"cataclysm:black_steel_targe":1,"minecraft:dirt":2,"minecraft:red_bed":2,"minecraft:crafting_table":3,"minecraft:wooden_axe":8,"minecraft:iron_pickaxe":67,"minecraft:iron_helmet":1,"twilightforest:brown_thorns":1,"minecraft:iron_boots":1,"tombstone:grave_key":4,"minecraft:stone_axe":23,"minecraft:cobblestone":56,"minecraft:furnace":2,"tombstone:gift":2,"minecraft:potato":2,"minecraft:iron_leggings":1}},"DataVersion":3465}