{"stats":{"minecraft:mined":{"minecraft:dark_oak_planks":5,"minecraft:tuff":48,"minecraft:mossy_cobblestone":2,"minecraft:deepslate_diamond_ore":4,"minecraft:mangrove_wall_sign":1,"minecraft:ladder":4,"minecraft:granite":77,"minecraft:grass_block":5,"minecraft:spruce_leaves":4,"minecraft:sandstone":1,"minecraft:spawner":4,"minecraft:large_fern":2,"minecraft:redstone_ore":5,"minecraft:furnace":1,"minecraft:iron_ore":46,"minecraft:cobbled_deepslate":2,"minecraft:andesite":29,"minecraft:dark_oak_stairs":1,"soulsweapons:moonstone_ore_deepslate":8,"minecraft:deepslate_iron_ore":13,"minecraft:stone":376,"minecraft:stripped_mangrove_wood":2,"minecraft:deepslate_redstone_ore":1,"minecraft:glass_pane":1,"minecraft:red_bed":3,"soulsweapons:verglas_ore_deepslate":7,"minecraft:crafting_table":4,"minecraft:torch":35,"minecraft:blast_furnace":12,"minecraft:calcite":20,"minecraft:mushroom_stem":1,"minecraft:copper_ore":9,"minecraft:cobblestone":10,"minecraft:lapis_ore":1,"minecraft:deepslate_gold_ore":6,"minecraft:diorite":59,"minecraft:wall_torch":16,"minecraft:spruce_stairs":1,"minecraft:birch_planks":3,"minecraft:birch_log":19,"minecraft:spruce_log":39,"minecraft:birch_leaves":1,"minecraft:white_wall_banner":1,"minecraft:grass":1,"minecraft:mangrove_slab":1,"minecraft:coal_ore":6,"minecraft:beetroots":6,"minecraft:gravel":2,"minecraft:sand":1,"minecraft:dirt":16,"minecraft:gray_carpet":1,"minecraft:smooth_basalt":5,"minecraft:deepslate":344,"soulsweapons:verglas_ore":3},"minecraft:dropped":{"minecraft:bread":66,"minecraft:wheat_seeds":1,"minecraft:stripped_mangrove_wood":2,"minecraft:cobblestone":131,"minecraft:glow_berries":1,"minecraft:granite":36,"minecraft:diorite":16,"minecraft:torch":1,"tombstone:grave_dust":1,"minecraft:dark_oak_planks":5,"minecraft:gray_carpet":1,"minecraft:cobbled_deepslate":22,"minecraft:tuff":4,"minecraft:birch_sapling":4,"minecraft:rotten_flesh":10,"minecraft:andesite":14,"minecraft:ladder":4,"minecraft:sandstone":1,"minecraft:stone_pickaxe":1,"minecraft:calcite":2},"minecraft:killed_by":{"minecraft:player":1,"minecraft:creeper":1,"minecraft:skeleton":1,"minecraft:zombie":2},"minecraft:picked_up":{"minecraft:crafting_table":5,"minecraft:ladder":4,"soulsweapons:moonstone":8,"minecraft:raw_copper":31,"minecraft:string":3,"minecraft:red_bed":3,"immersive_aircraft:biplane":4,"minecraft:beetroot":6,"minecraft:cobbled_deepslate":288,"minecraft:calcite":5,"minecraft:birch_sapling":4,"minecraft:furnace":1,"minecraft:sandstone":1,"minecraft:stick":3,"minecraft:raw_iron":58,"minecraft:stripped_mangrove_wood":2,"minecraft:torch":98,"sophisticatedbackpacks:backpack":1,"tombstone:grave_dust":12,"minecraft:diorite":34,"minecraft:redstone":26,"minecraft:dark_oak_planks":5,"minecraft:arrow":21,"minecraft:rotten_flesh":22,"minecraft:beetroot_seeds":11,"minecraft:glow_berries":1,"minecraft:mutton":1,"minecraft:white_wool":1,"minecraft:cobblestone":347,"minecraft:birch_log":19,"minecraft:andesite":16,"minecraft:birch_planks":3,"minecraft:tuff":39,"minecraft:gunpowder":2,"minecraft:dirt":21,"minecraft:white_banner":1,"minecraft:bone":17,"minecraft:gray_carpet":1,"minecraft:wheat_seeds":1,"minecraft:raw_gold":6,"minecraft:stone_pickaxe":1,"minecraft:oak_planks":24,"minecraft:book":3,"minecraft:smooth_basalt":5,"minecraft:gravel":1,"minecraft:sand":1,"minecraft:spruce_sapling":15,"minecraft:blast_furnace":12,"minecraft:spruce_log":38,"minecraft:spider_eye":1,"minecraft:bundle":1,"minecraft:diamond":4,"waystones:waystone":1,"minecraft:granite":40,"minecraft:golden_apple":1,"soulsweapons:verglas":9,"minecraft:bread":35,"minecraft:coal":6},"minecraft:killed":{"minecraft:spider":2,"minecraft:skeleton":12,"minecraft:piglin_brute":1,"minecraft:husk":8,"minecraft:frog":1,"minecraft:creeper":2,"minecraft:sheep":1,"minecraft:zombie":10},"minecraft:used":{"minecraft:beetroot":6,"minecraft:shield":36,"minecraft:wooden_shovel":2,"minecraft:rotten_flesh":2,"minecraft:iron_chestplate":1,"minecraft:torch":200,"minecraft:dirt":6,"minecraft:tuff":24,"minecraft:granite":4,"minecraft:wooden_axe":8,"minecraft:lava_bucket":1,"minecraft:iron_axe":156,"minecraft:iron_helmet":1,"twilightforest:brown_thorns":1,"minecraft:iron_boots":1,"minecraft:golden_carrot":18,"minecraft:bow":85,"minecraft:furnace":2,"tombstone:gift":3,"immersive_aircraft:biplane":4,"minecraft:potato":2,"minecraft:cobbled_deepslate":145,"minecraft:iron_leggings":1,"minecraft:calcite":2,"minecraft:cooked_mutton":1,"minecraft:water_bucket":19,"minecraft:diorite":6,"minecraft:birch_planks":3,"minecraft:stone_pickaxe":362,"minecraft:baked_potato":4,"minecraft:wooden_pickaxe":18,"cataclysm:black_steel_targe":110,"minecraft:red_bed":3,"minecraft:crafting_table":5,"minecraft:blast_furnace":5,"minecraft:diamond_pickaxe":253,"minecraft:iron_pickaxe":507,"tombstone:grave_key":4,"minecraft:stone_axe":23,"minecraft:cobblestone":105,"minecraft:bucket":20},"minecraft:crafted":{"immersive_aircraft:engine":1,"minecraft:coal":36,"minecraft:furnace":3,"immersive_aircraft:biplane":1,"minecraft:piston":2,"minecraft:cooked_mutton":1,"minecraft:iron_boots":1,"immersive_aircraft:hull":3,"minecraft:stone_pickaxe":5,"minecraft:wooden_shovel":1,"immersive_aircraft:boiler":1,"minecraft:crafting_table":3,"minecraft:wooden_pickaxe":2,"minecraft:baked_potato":4,"minecraft:iron_helmet":1,"minecraft:copper_ingot":26,"minecraft:birch_planks":72,"minecraft:stone_axe":1,"immersive_aircraft:propeller":1,"minecraft:air":0,"minecraft:iron_chestplate":1,"minecraft:diamond_pickaxe":1,"minecraft:shield":1,"minecraft:stick":60,"minecraft:iron_ingot":57,"minecraft:iron_pickaxe":1,"minecraft:wooden_axe":1,"minecraft:iron_leggings":1,"minecraft:gold_ingot":6,"minecraft:torch":148},"minecraft:broken":{"minecraft:stone_pickaxe":2,"minecraft:iron_pickaxe":2},"minecraft:custom":{"minecraft:mob_kills":40,"minecraft:interact_with_crafting_table":39,"minecraft:open_barrel":13,"minecraft:damage_dealt_resisted":52,"minecraft:leave_game":7,"minecraft:time_since_death":0,"minecraft:climb_one_cm":2716,"minecraft:sprint_one_cm":170701,"minecraft:walk_one_cm":379132,"minecraft:damage_blocked_by_shield":5955,"minecraft:drop":68,"minecraft:damage_dealt_absorbed":80,"minecraft:play_time":188945,"minecraft:deaths":8,"minecraft:sneak_time":4925,"minecraft:walk_under_water_one_cm":17484,"minecraft:jump":1489,"minecraft:interact_with_blast_furnace":16,"minecraft:walk_on_water_one_cm":19766,"minecraft:total_world_time":188945,"minecraft:interact_with_furnace":28,"minecraft:sleep_in_bed":5,"minecraft:time_since_rest":81,"minecraft:waystone_activated":1,"minecraft:damage_taken":4338,"minecraft:damage_dealt":6992,"minecraft:swim_one_cm":32386,"minecraft:fly_one_cm":160805,"minecraft:open_chest":20,"minecraft:crouch_one_cm":7104,"tombstone:undead_killed":30,"minecraft:fall_one_cm":16331}},"DataVersion":3465}