{"stats":{"minecraft:dropped":{"minecraft:birch_sapling":4,"minecraft:rotten_flesh":1},"minecraft:picked_up":{"minecraft:birch_log":13,"minecraft:crafting_table":2,"minecraft:andesite":2,"minecraft:birch_planks":3,"minecraft:string":2,"minecraft:dirt":2,"minecraft:red_bed":3,"minecraft:raw_copper":26,"minecraft:bone":3,"minecraft:beetroot":6,"minecraft:birch_sapling":4,"minecraft:book":3,"minecraft:stick":3,"minecraft:raw_iron":41,"minecraft:diorite":15,"minecraft:redstone":21,"minecraft:arrow":5,"minecraft:rotten_flesh":4,"minecraft:beetroot_seeds":11,"soulsweapons:verglas":1,"minecraft:mutton":1,"minecraft:coal":6,"minecraft:cobblestone":141,"minecraft:white_wool":1},"minecraft:killed":{"minecraft:skeleton":2,"minecraft:sheep":1,"minecraft:zombie":1,"minecraft:piglin_brute":1},"minecraft:custom":{"minecraft:interact_with_furnace":23,"minecraft:mob_kills":6,"minecraft:interact_with_crafting_table":19,"minecraft:time_since_death":6172,"minecraft:sleep_in_bed":2,"minecraft:time_since_rest":1574,"minecraft:sprint_one_cm":28374,"minecraft:damage_taken":606,"minecraft:walk_one_cm":67274,"minecraft:damage_blocked_by_shield":1950,"minecraft:drop":5,"minecraft:damage_dealt":1046,"minecraft:swim_one_cm":1714,"minecraft:fly_one_cm":18489,"minecraft:open_chest":1,"minecraft:crouch_one_cm":295,"minecraft:deaths":1,"minecraft:play_time":29436,"tombstone:undead_killed":3,"minecraft:sneak_time":267,"minecraft:walk_under_water_one_cm":830,"minecraft:jump":261,"minecraft:walk_on_water_one_cm":2969,"minecraft:total_world_time":29436,"minecraft:fall_one_cm":3085},"minecraft:mined":{"minecraft:red_bed":3,"minecraft:crafting_table":2,"minecraft:grass_block":1,"minecraft:mushroom_stem":1,"minecraft:copper_ore":8,"minecraft:diorite":15,"minecraft:birch_planks":3,"minecraft:redstone_ore":5,"minecraft:birch_log":13,"minecraft:iron_ore":40,"minecraft:birch_leaves":1,"minecraft:andesite":2,"minecraft:grass":1,"minecraft:coal_ore":6,"minecraft:beetroots":6,"minecraft:deepslate_iron_ore":1,"minecraft:dirt":1,"minecraft:stone":142,"soulsweapons:verglas_ore":1},"minecraft:crafted":{"minecraft:wooden_shovel":1,"minecraft:crafting_table":1,"minecraft:iron_helmet":1,"minecraft:wooden_pickaxe":1,"minecraft:furnace":2,"minecraft:copper_ingot":7,"minecraft:birch_planks":52,"minecraft:stone_axe":1,"minecraft:cooked_mutton":1,"minecraft:air":0,"minecraft:iron_chestplate":1,"minecraft:shield":1,"minecraft:stick":16,"minecraft:iron_ingot":28,"minecraft:iron_pickaxe":1,"minecraft:stone_pickaxe":3,"minecraft:wooden_axe":1,"minecraft:iron_leggings":1},"minecraft:broken":{"minecraft:stone_pickaxe":1},"minecraft:used":{"minecraft:beetroot":6,"minecraft:cooked_mutton":1,"minecraft:birch_planks":3,"minecraft:stone_pickaxe":171,"minecraft:shield":36,"minecraft:wooden_pickaxe":11,"minecraft:wooden_shovel":2,"minecraft:rotten_flesh":1,"minecraft:iron_chestplate":1,"minecraft:dirt":2,"minecraft:crafting_table":3,"minecraft:red_bed":2,"minecraft:wooden_axe":8,"minecraft:iron_pickaxe":40,"minecraft:iron_helmet":1,"tombstone:grave_key":2,"minecraft:stone_axe":21,"minecraft:cobblestone":50,"minecraft:furnace":2,"tombstone:gift":1,"minecraft:potato":2,"minecraft:iron_leggings":1}},"DataVersion":3465}