{"stats":{"minecraft:mined":{"minecraft:dark_oak_planks":5,"treasure2:crate_chest_moldy":1,"minecraft:spruce_planks":26,"minecraft:white_bed":1,"minecraft:oak_sapling":26,"minecraft:brewing_stand":1,"minecraft:obsidian":20,"minecraft:granite":97,"minecraft:grass_block":1827,"minecraft:cracked_polished_blackstone_bricks":9,"minecraft:polished_diorite":1,"minecraft:composter":3,"minecraft:oxeye_daisy":5,"minecraft:spawner":5,"minecraft:polished_blackstone_bricks":56,"minecraft:glowstone":1,"minecraft:iron_ore":71,"minecraft:cobbled_deepslate":3,"minecraft:fire":1,"minecraft:anvil":2,"minecraft:fletching_table":4,"minecraft:deepslate_lapis_ore":12,"minecraft:dark_oak_stairs":1,"minecraft:stripped_mangrove_wood":2,"minecraft:deepslate_redstone_ore":1,"minecraft:red_bed":3,"soulsweapons:verglas_ore_deepslate":7,"twilightforest:torchberry_plant":4,"minecraft:torch":43,"minecraft:blast_furnace":13,"minecraft:calcite":20,"minecraft:poppy":5,"minecraft:mushroom_stem":1,"minecraft:cobblestone":16,"minecraft:oak_planks":32,"minecraft:grindstone":1,"minecraft:wall_torch":17,"minecraft:birch_log":19,"minecraft:stone_brick_stairs":1,"minecraft:grass":300,"minecraft:oak_log":248,"minecraft:beetroots":6,"minecraft:sand":9,"minecraft:dirt":1370,"minecraft:smooth_basalt":5,"minecraft:oak_leaves":8,"minecraft:deepslate":496,"soulsweapons:verglas_ore":3,"minecraft:diamond_ore":4,"minecraft:tuff":60,"minecraft:mossy_cobblestone":2,"minecraft:deepslate_diamond_ore":7,"minecraft:mangrove_wall_sign":1,"minecraft:ladder":4,"minecraft:spruce_leaves":10,"minecraft:moss_block":3,"minecraft:sandstone":3,"minecraft:large_fern":2,"minecraft:redstone_ore":5,"minecraft:oak_trapdoor":4,"minecraft:furnace":2,"minecraft:andesite":48,"soulsweapons:moonstone_ore_deepslate":13,"minecraft:bookshelf":1,"minecraft:deepslate_iron_ore":13,"minecraft:stone":721,"minecraft:oak_slab":1,"minecraft:glass_pane":1,"minecraft:hanging_roots":1,"minecraft:basalt":2,"minecraft:dandelion":16,"minecraft:polished_granite":1,"minecraft:crafting_table":4,"minecraft:cornflower":5,"minecraft:lectern":10,"minecraft:copper_ore":9,"minecraft:tall_grass":51,"minecraft:lapis_ore":7,"minecraft:deepslate_gold_ore":11,"twilightforest:mayapple":1,"minecraft:diorite":63,"minecraft:spruce_stairs":1,"treasure2:pirate_chest":2,"minecraft:birch_planks":3,"minecraft:coarse_dirt":1,"minecraft:birch_leaves":5,"minecraft:spruce_log":39,"minecraft:white_wall_banner":1,"minecraft:yellow_bed":1,"minecraft:mangrove_slab":1,"minecraft:coal_ore":8,"minecraft:gravel":83,"minecraft:gray_carpet":1,"minecraft:stone_bricks":1,"minecraft:polished_andesite":1,"minecraft:mossy_stone_bricks":2,"minecraft:gold_ore":6},"minecraft:dropped":{"minecraft:moss_block":1,"minecraft:stripped_mangrove_wood":2,"minecraft:oak_pressure_plate":4,"soulsweapons:chungus_emerald":1,"minecraft:diamond":26,"immersive_aircraft:biplane":1,"minecraft:glow_berries":1,"treasure2:key_ring":1,"minecraft:mangrove_planks":4,"minecraft:leather_helmet":1,"minecraft:item_frame":1,"treasure2:topaz_lock":1,"minecraft:emerald":9,"minecraft:dirt":66,"minecraft:cornflower":1,"minecraft:pumpkin_pie":2,"minecraft:bone_meal":3,"minecraft:sand":2,"minecraft:dark_oak_planks":5,"minecraft:gold_ingot":25,"minecraft:bone":2,"minecraft:gravel":37,"minecraft:golden_chestplate":1,"minecraft:cobbled_deepslate":31,"treasure2:gold_coin":9,"minecraft:birch_sapling":4,"minecraft:obsidian":1,"minecraft:rotten_flesh":66,"treasure2:leaf_lock":2,"minecraft:carrot":1,"treasure2:silver_coin":4,"minecraft:poppy":1,"treasure2:copper_coin":10,"minecraft:leather_boots":2,"minecraft:chainmail_boots":1,"minecraft:ladder":4,"minecraft:leather_leggings":2,"minecraft:beef":2,"minecraft:written_book":1,"minecraft:bread":272,"minecraft:wheat_seeds":63,"minecraft:cobblestone":149,"minecraft:iron_helmet":3,"minecraft:granite":46,"minecraft:mushroom_stew":1,"minecraft:oxeye_daisy":4,"treasure2:copper_broad_axe":1,"minecraft:diorite":18,"minecraft:torch":1,"minecraft:light_blue_wool":1,"minecraft:diamond_helmet":1,"tombstone:grave_dust":26,"minecraft:iron_leggings":1,"minecraft:iron_axe":2,"minecraft:gray_carpet":1,"minecraft:spruce_sapling":30,"minecraft:dandelion":16,"minecraft:redstone":3,"minecraft:furnace":1,"treasure2:ember_lock":1,"minecraft:raw_copper":6,"minecraft:tuff":17,"minecraft:raw_iron":2,"minecraft:clay_ball":1,"minecraft:iron_boots":1,"treasure2:steel_sword":3,"minecraft:spruce_fence":2,"minecraft:iron_chestplate":1,"minecraft:andesite":21,"minecraft:oak_sapling":76,"tombstone:essence_of_undeath":1,"minecraft:sandstone":1,"minecraft:stone_pickaxe":1,"minecraft:calcite":2,"minecraft:brick":2},"minecraft:killed_by":{"minecraft:creeper":1,"minecraft:piglin":2,"minecraft:zombie":3,"minecraft:player":1,"bosses_of_mass_destruction:void_blossom":1,"minecraft:skeleton":1,"twilightforest:redcap":3},"minecraft:picked_up":{"minecraft:iron_chestplate":1,"minecraft:wheat":23,"minecraft:chainmail_boots":1,"minecraft:anvil":2,"treasure2:iron_lock":1,"minecraft:lead":3,"soulsweapons:moonstone":13,"minecraft:stone_brick_stairs":1,"minecraft:brewing_stand":1,"minecraft:string":18,"treasure2:pirate_chest":2,"minecraft:raw_copper":43,"minecraft:iron_leggings":1,"minecraft:beetroot":6,"minecraft:gold_nugget":3,"minecraft:cobbled_deepslate":445,"bosses_of_mass_destruction:soul_star":1,"minecraft:spruce_planks":26,"minecraft:written_book":1,"minecraft:calcite":5,"minecraft:iron_pickaxe":1,"minecraft:furnace":3,"minecraft:iron_boots":2,"minecraft:stick":79,"minecraft:composter":3,"minecraft:torch":114,"minecraft:acacia_log":5,"tombstone:grave_dust":29,"minecraft:diorite":38,"minecraft:golden_chestplate":1,"treasure2:copper_broad_axe":1,"minecraft:rotten_flesh":107,"minecraft:light_blue_wool":1,"tombstone:scroll_of_aquatic_life":1,"minecraft:obsidian":20,"minecraft:cobblestone":692,"minecraft:birch_log":19,"treasure2:topaz_lock":1,"minecraft:andesite":38,"minecraft:flint":9,"minecraft:tuff":60,"minecraft:lapis_lazuli":118,"minecraft:dirt":3318,"minecraft:polished_granite":1,"minecraft:leather_boots":2,"minecraft:bone":37,"minecraft:bow":2,"minecraft:wheat_seeds":69,"minecraft:raw_gold":17,"minecraft:grindstone":1,"minecraft:mossy_stone_bricks":2,"minecraft:fletching_table":4,"minecraft:glowstone_dust":2,"minecraft:moss_block":3,"minecraft:oak_planks":56,"minecraft:oak_pressure_plate":3,"treasure2:wood_key":1,"minecraft:sand":17,"treasure2:thiefs_lock_pick":2,"minecraft:bundle":1,"minecraft:polished_andesite":1,"minecraft:sugar":3,"minecraft:diamond":18,"waystones:waystone":7,"treasure2:crate_chest_moldy":1,"minecraft:granite":48,"minecraft:golden_apple":1,"minecraft:emerald":3,"soulsweapons:verglas":9,"minecraft:bread":96,"minecraft:oak_sapling":183,"twilightforest:torchberries":4,"soulsweapons:chungus_emerald":1,"sophisticatedbackpacks:gold_backpack":1,"treasure2:stone_lock":3,"minecraft:coarse_dirt":1,"minecraft:crafting_table":5,"minecraft:azure_bluet":3,"treasure2:leaf_lock":3,"minecraft:ladder":4,"minecraft:clay_ball":1,"minecraft:leather_leggings":2,"minecraft:brown_mushroom":12,"minecraft:brick":2,"minecraft:cornflower":4,"minecraft:oak_trapdoor":4,"minecraft:red_bed":3,"minecraft:iron_axe":1,"immersive_aircraft:biplane":17,"minecraft:item_frame":2,"treasure2:steel_sword":3,"treasure2:iron_short_sword":1,"minecraft:beef":2,"minecraft:oak_boat":2,"minecraft:poppy":7,"minecraft:lectern":10,"minecraft:birch_sapling":4,"minecraft:egg":1,"minecraft:raw_iron":84,"minecraft:sandstone":3,"minecraft:stripped_mangrove_wood":2,"minecraft:stone":4,"minecraft:spruce_fence":2,"sophisticatedbackpacks:backpack":1,"minecraft:polished_blackstone_bricks":55,"treasure2:spider_lock":1,"minecraft:carrot":2,"minecraft:redstone":26,"minecraft:dark_oak_planks":5,"minecraft:arrow":33,"minecraft:beetroot_seeds":11,"minecraft:pumpkin_pie":2,"tombstone:essence_of_undeath":1,"sophisticatedbackpacks:copper_backpack":1,"minecraft:glow_berries":1,"minecraft:mutton":1,"minecraft:white_wool":4,"minecraft:oxeye_daisy":6,"minecraft:leather":5,"minecraft:red_mushroom":3,"minecraft:birch_planks":3,"minecraft:oak_log":261,"minecraft:gunpowder":5,"minecraft:white_banner":1,"twilightforest:raw_venison":2,"minecraft:apple":23,"minecraft:gray_carpet":1,"minecraft:iron_ingot":17,"minecraft:stone_pickaxe":1,"minecraft:mangrove_planks":4,"minecraft:book":6,"treasure2:ember_lock":1,"minecraft:oak_slab":2,"minecraft:smooth_basalt":5,"minecraft:dandelion":46,"minecraft:gravel":94,"treasure2:key_ring":1,"minecraft:spruce_sapling":31,"minecraft:blast_furnace":13,"minecraft:white_bed":1,"minecraft:spruce_log":38,"minecraft:spider_eye":5,"minecraft:leather_helmet":1,"treasure2:diamond_key":1,"minecraft:polished_diorite":1,"treasure2:gold_coin":7,"minecraft:iron_helmet":3,"minecraft:scute":2,"tombstone:magic_scroll":2,"minecraft:coal":48,"minecraft:ender_pearl":3},"minecraft:killed":{"minecraft:spider":11,"minecraft:skeleton":23,"minecraft:piglin_brute":2,"minecraft:piglin":5,"minecraft:creeper":7,"minecraft:sheep":1,"minecraft:trader_llama":2,"minecraft:pillager":1,"twilightforest:redcap":5,"minecraft:zombie":50,"minecraft:cow":1,"twilightforest:deer":1,"soulsweapons:dark_sorcerer":1,"twilightforest:swarm_spider":5,"treasure2:bound_soul":3,"minecraft:husk":8,"twilightforest:kobold":20,"minecraft:wandering_trader":1,"minecraft:frog":1,"twilightforest:bighorn_sheep":1,"minecraft:enderman":3},"minecraft:used":{"minecraft:beetroot":6,"minecraft:moss_block":2,"treasure2:pirate_chest":1,"minecraft:poppy":2,"minecraft:chest":2,"minecraft:shield":82,"minecraft:iron_sword":256,"minecraft:rotten_flesh":2,"minecraft:iron_chestplate":1,"minecraft:tuff":32,"minecraft:obsidian":11,"minecraft:lava_bucket":3,"twilightforest:cooked_venison":2,"minecraft:iron_helmet":1,"twilightforest:brown_thorns":1,"minecraft:bow":155,"minecraft:written_book":2,"minecraft:oak_sapling":70,"minecraft:furnace":3,"immersive_aircraft:biplane":18,"minecraft:potato":2,"minecraft:diorite":8,"minecraft:stone_pickaxe":362,"minecraft:oak_planks":122,"minecraft:ender_pearl":1,"minecraft:wooden_pickaxe":18,"minecraft:diamond_axe":475,"minecraft:composter":4,"minecraft:sand":4,"treasure2:thiefs_lock_pick":2,"minecraft:blast_furnace":6,"waystones:waystone":7,"minecraft:bread":3,"minecraft:lectern":10,"tombstone:grave_key":5,"minecraft:gravel":30,"minecraft:grindstone":1,"minecraft:andesite":15,"minecraft:oak_boat":2,"minecraft:bone_meal":132,"minecraft:oak_trapdoor":6,"minecraft:flint_and_steel":2,"minecraft:spruce_planks":68,"minecraft:wooden_shovel":2,"minecraft:torch":266,"minecraft:dirt":3725,"minecraft:anvil":2,"minecraft:diamond_helmet":1,"minecraft:granite":4,"minecraft:oak_fence_gate":1,"minecraft:wooden_axe":8,"minecraft:bookshelf":2,"minecraft:iron_axe":162,"minecraft:iron_boots":1,"minecraft:golden_carrot":63,"tombstone:gift":5,"minecraft:cobbled_deepslate":216,"minecraft:iron_leggings":1,"minecraft:calcite":2,"minecraft:cooked_mutton":1,"minecraft:water_bucket":39,"minecraft:birch_planks":3,"minecraft:baked_potato":4,"minecraft:fletching_table":6,"minecraft:polished_blackstone_bricks":32,"treasure2:crate_chest_moldy":1,"cataclysm:black_steel_targe":131,"minecraft:oak_slab":2,"minecraft:red_bed":3,"minecraft:crafting_table":6,"minecraft:white_bed":3,"minecraft:spruce_log":4,"minecraft:cornflower":3,"minecraft:diamond_pickaxe":1093,"minecraft:oxeye_daisy":2,"minecraft:diamond_shovel":3311,"minecraft:iron_pickaxe":507,"tombstone:magic_scroll":1,"minecraft:stone_axe":23,"minecraft:cobblestone":166,"minecraft:bucket":42,"minecraft:pumpkin_pie":9,"minecraft:dandelion":5},"minecraft:crafted":{"immersive_aircraft:engine":1,"minecraft:oak_planks":936,"minecraft:oak_pressure_plate":1,"minecraft:stone":1,"minecraft:diamond_shovel":2,"minecraft:bookshelf":2,"minecraft:cooked_mutton":1,"twilightforest:cooked_venison":2,"minecraft:diamond_helmet":2,"minecraft:diamond_leggings":1,"minecraft:iron_boots":1,"immersive_aircraft:hull":3,"minecraft:chest":2,"treasure2:thiefs_lock_pick":2,"treasure2:treasure_tool":1,"minecraft:oak_slab":12,"minecraft:wooden_shovel":1,"minecraft:emerald":54,"minecraft:diamond_axe":1,"minecraft:crafting_table":3,"minecraft:spruce_planks":80,"minecraft:iron_helmet":1,"minecraft:baked_potato":4,"minecraft:wooden_pickaxe":2,"treasure2:key_ring":1,"minecraft:copper_ingot":26,"minecraft:fletching_table":2,"minecraft:birch_planks":72,"immersive_aircraft:propeller":1,"minecraft:iron_chestplate":1,"minecraft:diamond_pickaxe":1,"minecraft:shield":2,"minecraft:stick":1724,"minecraft:iron_ingot":83,"minecraft:iron_pickaxe":1,"minecraft:iron_block":3,"minecraft:gold_ingot":17,"minecraft:composter":1,"minecraft:coal":90,"minecraft:furnace":3,"immersive_aircraft:biplane":1,"minecraft:piston":2,"minecraft:bone_meal":135,"minecraft:oak_trapdoor":2,"minecraft:flint_and_steel":1,"minecraft:stone_pickaxe":5,"minecraft:diamond_boots":1,"immersive_aircraft:boiler":1,"minecraft:bucket":1,"minecraft:stone_axe":1,"minecraft:enchanted_book":1,"minecraft:bread":145,"minecraft:air":0,"minecraft:oak_fence_gate":1,"minecraft:oak_boat":1,"minecraft:golden_apple":2,"minecraft:wooden_axe":1,"minecraft:iron_leggings":1,"minecraft:anvil":1,"minecraft:white_bed":2,"minecraft:torch":164,"minecraft:diamond_chestplate":1},"minecraft:broken":{"minecraft:stone_pickaxe":2,"minecraft:diamond_shovel":2,"minecraft:iron_sword":1,"twilightforest:ore_magnet":1,"minecraft:shield":1,"minecraft:iron_pickaxe":2,"cataclysm:black_steel_targe":1},"minecraft:custom":{"minecraft:interact_with_crafting_table":77,"minecraft:open_barrel":30,"minecraft:leave_game":15,"minecraft:time_since_death":47064,"minecraft:sprint_one_cm":852692,"minecraft:damage_blocked_by_shield":9075,"minecraft:drop":336,"minecraft:talked_to_villager":212,"minecraft:play_time":599754,"minecraft:deaths":16,"minecraft:jump":6081,"minecraft:walk_on_water_one_cm":54655,"minecraft:interact_with_furnace":41,"minecraft:traded_with_villager":78,"minecraft:sleep_in_bed":20,"minecraft:waystone_activated":9,"minecraft:damage_dealt":26270,"minecraft:crouch_one_cm":54570,"tombstone:undead_killed":84,"tombstone:villager_killed":1,"minecraft:interact_with_anvil":2,"minecraft:mob_kills":158,"minecraft:damage_dealt_resisted":393,"minecraft:climb_one_cm":2716,"minecraft:walk_one_cm":1441598,"minecraft:damage_dealt_absorbed":281,"minecraft:sneak_time":22329,"minecraft:walk_under_water_one_cm":33030,"minecraft:boat_one_cm":7774,"minecraft:interact_with_lectern":1,"minecraft:interact_with_blast_furnace":42,"minecraft:total_world_time":599754,"tombstone:raider_killed":1,"minecraft:interact_with_grindstone":2,"minecraft:time_since_rest":46807,"minecraft:damage_taken":10218,"minecraft:swim_one_cm":40629,"minecraft:fly_one_cm":7302295,"minecraft:open_chest":144,"minecraft:fall_one_cm":92620}},"DataVersion":3465}