{"stats":{"minecraft:picked_up":{"minecraft:crafting_table":8,"minecraft:repeater":2,"minecraft:glow_ink_sac":3,"minecraft:andesite":11,"soulsweapons:moonstone":12,"minecraft:tuff":49,"minecraft:oak_log":6,"minecraft:gunpowder":1,"minecraft:string":2,"minecraft:dirt":11,"minecraft:wooden_sword":2,"minecraft:bone":3,"farmersdelight:cooking_pot":1,"minecraft:wheat_seeds":2,"minecraft:cobbled_deepslate":133,"minecraft:spruce_planks":21,"minecraft:stone_pickaxe":1,"minecraft:smooth_quartz":1,"minecraft:coal_block":3,"minecraft:furnace":13,"minecraft:raw_iron":59,"minecraft:stick":7,"minecraft:sandstone":1,"minecraft:sweet_berries":30,"minecraft:torch":97,"minecraft:gravel":22,"minecraft:sandstone_wall":4,"minecraft:sand":9,"minecraft:spruce_sapling":12,"tombstone:grave_dust":3,"minecraft:diorite":15,"minecraft:spruce_log":19,"minecraft:redstone":4,"tombstone:lollipop":1,"minecraft:light_gray_concrete":1,"minecraft:arrow":3,"minecraft:rotten_flesh":5,"minecraft:diamond":8,"minecraft:granite":13,"soulsweapons:verglas":3,"tombstone:magic_scroll":1,"minecraft:rail":1,"minecraft:coal":9,"minecraft:cobblestone":46},"minecraft:killed":{"minecraft:spider":1,"minecraft:creeper":1,"minecraft:skeleton":2,"minecraft:zombie":9},"minecraft:custom":{"minecraft:interact_with_furnace":31,"minecraft:mob_kills":13,"minecraft:interact_with_crafting_table":19,"minecraft:leave_game":2,"minecraft:time_since_death":26122,"minecraft:climb_one_cm":16458,"minecraft:time_since_rest":25640,"minecraft:sprint_one_cm":130472,"minecraft:damage_taken":2641,"minecraft:walk_one_cm":187416,"minecraft:damage_blocked_by_shield":330,"tombstone:eaten_lollipop":1,"minecraft:drop":35,"minecraft:damage_dealt":2641,"minecraft:swim_one_cm":2177,"minecraft:fly_one_cm":61355,"minecraft:open_chest":18,"minecraft:crouch_one_cm":4801,"minecraft:play_time":78280,"tombstone:undead_killed":11,"minecraft:deaths":3,"minecraft:sneak_time":1416,"minecraft:walk_under_water_one_cm":20181,"minecraft:jump":750,"minecraft:walk_on_water_one_cm":20682,"minecraft:total_world_time":78280,"minecraft:fall_one_cm":28420,"minecraft:inspect_dispenser":2},"minecraft:broken":{"minecraft:iron_pickaxe":1,"minecraft:wooden_pickaxe":1},"minecraft:dropped":{"minecraft:gravel":4,"minecraft:wheat_seeds":2,"minecraft:glow_ink_sac":3,"minecraft:rotten_flesh":3,"minecraft:stick":1,"minecraft:sandstone_wall":3,"minecraft:spruce_planks":12,"minecraft:wooden_sword":2,"tombstone:grave_dust":4,"minecraft:spruce_log":4,"minecraft:stone_pickaxe":1,"minecraft:spruce_sapling":4},"minecraft:mined":{"minecraft:tuff":49,"minecraft:spruce_planks":6,"minecraft:deepslate_diamond_ore":8,"soulsweapons:verglas_ore_deepslate":3,"minecraft:crafting_table":7,"minecraft:torch":8,"minecraft:granite":17,"minecraft:grass_block":7,"minecraft:coal_block":3,"minecraft:cobblestone":2,"minecraft:spruce_leaves":24,"minecraft:diorite":15,"minecraft:sandstone":1,"minecraft:wall_torch":3,"minecraft:spawner":2,"minecraft:large_fern":19,"minecraft:furnace":13,"minecraft:light_gray_stained_glass":3,"minecraft:sweet_berry_bush":15,"minecraft:spruce_log":15,"minecraft:andesite":16,"minecraft:oak_log":12,"minecraft:grass":1,"soulsweapons:moonstone_ore_deepslate":12,"minecraft:deepslate_iron_ore":59,"minecraft:coal_ore":2,"minecraft:dirt":4,"minecraft:light_gray_concrete":1,"minecraft:gravel":19,"minecraft:sand":9,"minecraft:smooth_quartz":2,"minecraft:cobweb":2,"minecraft:stone":43,"minecraft:deepslate":129,"minecraft:fern":3,"farmersdelight:cooking_pot":1},"minecraft:crafted":{"soulsweapons:bluemoon_greatsword":1,"minecraft:wooden_sword":1,"minecraft:oak_planks":24,"minecraft:coal":18,"minecraft:crafting_table":1,"minecraft:spruce_planks":60,"minecraft:wooden_pickaxe":1,"minecraft:stone_axe":1,"minecraft:air":0,"minecraft:diamond_helmet":1,"minecraft:white_wool":1,"minecraft:iron_boots":1,"minecraft:iron_chestplate":1,"minecraft:shield":1,"minecraft:stick":28,"minecraft:iron_ingot":39,"minecraft:iron_pickaxe":1,"minecraft:iron_leggings":1,"minecraft:wooden_axe":1,"minecraft:torch":92},"minecraft:used":{"minecraft:water_bucket":17,"minecraft:stone_pickaxe":87,"minecraft:shield":6,"minecraft:spruce_planks":17,"minecraft:wooden_pickaxe":59,"minecraft:stone":1,"tombstone:lollipop":1,"minecraft:rotten_flesh":2,"minecraft:iron_chestplate":1,"minecraft:torch":168,"minecraft:glow_berries":11,"soulsweapons:bluemoon_greatsword":21,"minecraft:dirt":1,"minecraft:crafting_table":8,"minecraft:diamond_helmet":1,"minecraft:bread":3,"minecraft:iron_pickaxe":267,"minecraft:iron_boots":1,"tombstone:grave_key":2,"minecraft:spruce_sapling":4,"minecraft:gravel":1,"minecraft:stone_axe":58,"minecraft:cobblestone":44,"minecraft:sweet_berries":52,"minecraft:furnace":7,"farmersdelight:cooking_pot":1,"minecraft:andesite":9,"minecraft:bucket":18,"tombstone:gift":3,"minecraft:cobbled_deepslate":21,"minecraft:iron_leggings":1},"minecraft:killed_by":{"minecraft:skeleton":1,"minecraft:zombie":1}},"DataVersion":3465}