{"stats":{"minecraft:picked_up":{"minecraft:crafting_table":3,"minecraft:repeater":2,"minecraft:glow_ink_sac":3,"minecraft:andesite":11,"soulsweapons:moonstone":4,"minecraft:dirt":11,"minecraft:bone":3,"minecraft:wheat_seeds":2,"minecraft:cobbled_deepslate":68,"minecraft:spruce_planks":21,"minecraft:stone_pickaxe":1,"minecraft:smooth_quartz":1,"minecraft:coal_block":3,"minecraft:furnace":8,"minecraft:raw_iron":13,"minecraft:stick":7,"minecraft:sandstone":1,"minecraft:sweet_berries":30,"minecraft:torch":6,"minecraft:gravel":3,"minecraft:sandstone_wall":2,"minecraft:sand":9,"minecraft:spruce_sapling":12,"tombstone:grave_dust":3,"minecraft:spruce_log":19,"minecraft:redstone":4,"minecraft:light_gray_concrete":1,"minecraft:arrow":2,"minecraft:rotten_flesh":1,"minecraft:diamond":8,"minecraft:granite":13,"soulsweapons:verglas":1,"tombstone:magic_scroll":1,"minecraft:coal":9,"minecraft:cobblestone":45},"minecraft:killed":{"minecraft:spider":1,"minecraft:skeleton":1,"minecraft:zombie":2},"minecraft:custom":{"minecraft:interact_with_furnace":5,"minecraft:mob_kills":4,"minecraft:interact_with_crafting_table":6,"minecraft:leave_game":2,"minecraft:time_since_death":14025,"minecraft:climb_one_cm":16458,"minecraft:time_since_rest":13722,"minecraft:sprint_one_cm":62529,"minecraft:damage_taken":2070,"minecraft:walk_one_cm":104653,"minecraft:drop":22,"minecraft:damage_dealt":1006,"minecraft:fly_one_cm":44572,"minecraft:open_chest":18,"minecraft:crouch_one_cm":4512,"minecraft:play_time":42280,"tombstone:undead_killed":3,"minecraft:deaths":2,"minecraft:sneak_time":1247,"minecraft:walk_under_water_one_cm":2618,"minecraft:jump":463,"minecraft:walk_on_water_one_cm":7443,"minecraft:total_world_time":42280,"minecraft:fall_one_cm":23258,"minecraft:inspect_dispenser":2},"minecraft:broken":{"minecraft:wooden_pickaxe":1},"minecraft:dropped":{"minecraft:wheat_seeds":2,"minecraft:stick":1,"minecraft:sandstone_wall":1,"minecraft:spruce_planks":12,"tombstone:grave_dust":4,"minecraft:spruce_log":4,"minecraft:spruce_sapling":4},"minecraft:mined":{"minecraft:spruce_planks":6,"minecraft:deepslate_diamond_ore":8,"soulsweapons:verglas_ore_deepslate":1,"minecraft:crafting_table":2,"minecraft:torch":3,"minecraft:granite":13,"minecraft:grass_block":7,"minecraft:coal_block":3,"minecraft:cobblestone":2,"minecraft:spruce_leaves":24,"minecraft:sandstone":1,"minecraft:wall_torch":2,"minecraft:spawner":1,"minecraft:large_fern":19,"minecraft:furnace":8,"minecraft:light_gray_stained_glass":3,"minecraft:sweet_berry_bush":15,"minecraft:spruce_log":15,"minecraft:andesite":11,"minecraft:grass":1,"soulsweapons:moonstone_ore_deepslate":4,"minecraft:deepslate_iron_ore":13,"minecraft:coal_ore":2,"minecraft:dirt":4,"minecraft:light_gray_concrete":1,"minecraft:gravel":3,"minecraft:sand":9,"minecraft:smooth_quartz":2,"minecraft:stone":42,"minecraft:deepslate":62,"minecraft:fern":3},"minecraft:crafted":{"minecraft:wooden_sword":1,"minecraft:crafting_table":1,"minecraft:spruce_planks":60,"minecraft:wooden_pickaxe":1,"minecraft:stone_axe":1,"minecraft:air":0,"minecraft:shield":1,"minecraft:stick":12,"minecraft:iron_ingot":4,"minecraft:iron_pickaxe":1,"minecraft:wooden_axe":1,"minecraft:torch":36},"minecraft:used":{"minecraft:water_bucket":3,"minecraft:stone_pickaxe":87,"minecraft:spruce_planks":17,"minecraft:wooden_pickaxe":59,"minecraft:torch":41,"minecraft:dirt":1,"minecraft:crafting_table":3,"minecraft:iron_pickaxe":49,"tombstone:grave_key":2,"minecraft:spruce_sapling":4,"minecraft:stone_axe":30,"minecraft:cobblestone":43,"minecraft:sweet_berries":39,"minecraft:furnace":1,"minecraft:andesite":9,"minecraft:bucket":4,"tombstone:gift":1},"minecraft:killed_by":{"minecraft:zombie":1}},"DataVersion":3465}