{"stats":{"minecraft:mined":{"minecraft:dark_oak_planks":5,"minecraft:tuff":48,"minecraft:mossy_cobblestone":2,"minecraft:deepslate_diamond_ore":7,"minecraft:mangrove_wall_sign":1,"minecraft:ladder":4,"minecraft:granite":77,"minecraft:grass_block":5,"minecraft:spruce_leaves":4,"minecraft:sandstone":1,"minecraft:spawner":4,"minecraft:large_fern":2,"minecraft:redstone_ore":5,"minecraft:furnace":1,"minecraft:iron_ore":46,"minecraft:cobbled_deepslate":2,"minecraft:andesite":29,"minecraft:deepslate_lapis_ore":10,"minecraft:dark_oak_stairs":1,"soulsweapons:moonstone_ore_deepslate":13,"minecraft:deepslate_iron_ore":13,"minecraft:stripped_mangrove_wood":2,"minecraft:stone":376,"minecraft:deepslate_redstone_ore":1,"minecraft:glass_pane":1,"minecraft:red_bed":3,"soulsweapons:verglas_ore_deepslate":7,"minecraft:crafting_table":4,"minecraft:torch":35,"minecraft:blast_furnace":12,"minecraft:calcite":20,"minecraft:mushroom_stem":1,"minecraft:tall_grass":1,"minecraft:copper_ore":9,"minecraft:cobblestone":11,"minecraft:lapis_ore":1,"minecraft:deepslate_gold_ore":11,"minecraft:oak_planks":2,"minecraft:diorite":59,"minecraft:wall_torch":16,"minecraft:spruce_stairs":1,"minecraft:birch_planks":3,"minecraft:birch_log":19,"minecraft:spruce_log":39,"minecraft:birch_leaves":1,"minecraft:white_wall_banner":1,"minecraft:yellow_bed":1,"minecraft:grass":2,"minecraft:mangrove_slab":1,"minecraft:coal_ore":6,"minecraft:beetroots":6,"minecraft:gravel":2,"minecraft:sand":1,"minecraft:dirt":16,"minecraft:gray_carpet":1,"minecraft:smooth_basalt":5,"minecraft:deepslate":389,"soulsweapons:verglas_ore":3},"minecraft:dropped":{"minecraft:bread":66,"minecraft:stripped_mangrove_wood":2,"minecraft:wheat_seeds":1,"minecraft:diamond":25,"minecraft:cobblestone":138,"minecraft:glow_berries":1,"minecraft:granite":36,"minecraft:mushroom_stew":1,"minecraft:emerald":9,"minecraft:dirt":17,"minecraft:diorite":16,"minecraft:torch":1,"tombstone:grave_dust":22,"minecraft:sand":2,"minecraft:iron_axe":2,"minecraft:dark_oak_planks":5,"minecraft:gray_carpet":1,"minecraft:gold_ingot":24,"minecraft:redstone":3,"minecraft:cobbled_deepslate":22,"minecraft:tuff":4,"minecraft:birch_sapling":4,"minecraft:raw_iron":1,"minecraft:rotten_flesh":18,"minecraft:andesite":14,"minecraft:oak_sapling":9,"minecraft:ladder":4,"minecraft:sandstone":1,"minecraft:beef":2,"minecraft:stone_pickaxe":1,"minecraft:calcite":2},"minecraft:killed_by":{"minecraft:player":1,"minecraft:creeper":1,"minecraft:skeleton":1,"minecraft:zombie":2},"minecraft:picked_up":{"minecraft:crafting_table":5,"minecraft:ladder":4,"soulsweapons:moonstone":13,"minecraft:string":3,"minecraft:red_bed":3,"minecraft:raw_copper":31,"minecraft:iron_axe":1,"immersive_aircraft:biplane":4,"minecraft:beetroot":6,"minecraft:cobbled_deepslate":333,"minecraft:beef":2,"minecraft:oak_boat":1,"minecraft:calcite":5,"minecraft:birch_sapling":4,"minecraft:furnace":1,"minecraft:stick":3,"minecraft:raw_iron":59,"minecraft:sandstone":1,"minecraft:stripped_mangrove_wood":2,"minecraft:torch":98,"sophisticatedbackpacks:backpack":1,"tombstone:grave_dust":25,"minecraft:diorite":34,"minecraft:redstone":26,"minecraft:dark_oak_planks":5,"minecraft:arrow":21,"minecraft:rotten_flesh":29,"minecraft:beetroot_seeds":11,"minecraft:glow_berries":1,"minecraft:mutton":1,"minecraft:white_wool":4,"minecraft:cobblestone":355,"minecraft:birch_log":19,"minecraft:andesite":16,"minecraft:birch_planks":3,"minecraft:tuff":39,"minecraft:gunpowder":2,"minecraft:lapis_lazuli":55,"minecraft:dirt":38,"minecraft:white_banner":1,"minecraft:bone":17,"minecraft:gray_carpet":1,"minecraft:wheat_seeds":1,"minecraft:raw_gold":11,"minecraft:stone_pickaxe":1,"minecraft:iron_ingot":16,"minecraft:oak_planks":26,"minecraft:book":3,"minecraft:smooth_basalt":5,"minecraft:gravel":1,"minecraft:sand":2,"minecraft:spruce_sapling":15,"minecraft:blast_furnace":12,"minecraft:spruce_log":38,"minecraft:spider_eye":1,"minecraft:bundle":1,"minecraft:diamond":7,"waystones:waystone":2,"minecraft:granite":40,"minecraft:golden_apple":1,"soulsweapons:verglas":9,"minecraft:bread":35,"minecraft:oak_sapling":9,"minecraft:coal":6},"minecraft:killed":{"minecraft:spider":2,"minecraft:skeleton":12,"minecraft:piglin_brute":1,"minecraft:husk":8,"minecraft:frog":1,"minecraft:creeper":2,"minecraft:sheep":1,"minecraft:zombie":12,"minecraft:cow":1},"minecraft:used":{"minecraft:beetroot":6,"minecraft:shield":36,"minecraft:iron_sword":9,"minecraft:wooden_shovel":2,"minecraft:rotten_flesh":2,"minecraft:iron_chestplate":1,"minecraft:torch":206,"minecraft:dirt":6,"minecraft:tuff":24,"minecraft:granite":4,"minecraft:wooden_axe":8,"minecraft:lava_bucket":1,"minecraft:iron_axe":162,"minecraft:iron_helmet":1,"twilightforest:brown_thorns":1,"minecraft:iron_boots":1,"minecraft:bow":85,"minecraft:golden_carrot":18,"minecraft:furnace":2,"tombstone:gift":3,"immersive_aircraft:biplane":4,"minecraft:potato":2,"minecraft:cobbled_deepslate":150,"minecraft:iron_leggings":1,"minecraft:calcite":2,"minecraft:cooked_mutton":1,"minecraft:water_bucket":20,"minecraft:diorite":6,"minecraft:birch_planks":3,"minecraft:stone_pickaxe":362,"minecraft:baked_potato":4,"minecraft:wooden_pickaxe":18,"cataclysm:black_steel_targe":110,"minecraft:red_bed":3,"minecraft:crafting_table":6,"minecraft:blast_furnace":5,"minecraft:white_bed":1,"waystones:waystone":1,"minecraft:diamond_pickaxe":324,"minecraft:bread":2,"minecraft:iron_pickaxe":507,"tombstone:grave_key":4,"minecraft:stone_axe":23,"minecraft:cobblestone":105,"minecraft:bucket":21,"minecraft:oak_boat":2},"minecraft:crafted":{"immersive_aircraft:engine":1,"minecraft:coal":45,"minecraft:furnace":3,"immersive_aircraft:biplane":1,"minecraft:piston":2,"minecraft:cooked_mutton":1,"minecraft:iron_boots":1,"immersive_aircraft:hull":3,"minecraft:stone_pickaxe":5,"minecraft:wooden_shovel":1,"immersive_aircraft:boiler":1,"minecraft:crafting_table":3,"minecraft:iron_helmet":1,"minecraft:wooden_pickaxe":2,"minecraft:baked_potato":4,"minecraft:copper_ingot":26,"minecraft:birch_planks":72,"minecraft:stone_axe":1,"immersive_aircraft:propeller":1,"minecraft:air":0,"minecraft:oak_boat":1,"minecraft:iron_chestplate":1,"minecraft:diamond_pickaxe":1,"minecraft:golden_apple":2,"minecraft:shield":1,"minecraft:stick":64,"minecraft:iron_ingot":59,"minecraft:iron_pickaxe":1,"minecraft:wooden_axe":1,"minecraft:iron_leggings":1,"minecraft:gold_ingot":6,"minecraft:white_bed":1,"minecraft:torch":164},"minecraft:broken":{"minecraft:stone_pickaxe":2,"minecraft:iron_pickaxe":2},"minecraft:custom":{"minecraft:mob_kills":43,"minecraft:interact_with_crafting_table":49,"minecraft:open_barrel":23,"minecraft:damage_dealt_resisted":52,"minecraft:leave_game":9,"minecraft:time_since_death":30760,"minecraft:climb_one_cm":2716,"minecraft:sprint_one_cm":212044,"minecraft:walk_one_cm":415222,"minecraft:damage_blocked_by_shield":5955,"minecraft:drop":157,"minecraft:damage_dealt_absorbed":80,"minecraft:play_time":220316,"minecraft:deaths":8,"minecraft:sneak_time":5381,"minecraft:walk_under_water_one_cm":18294,"minecraft:boat_one_cm":7774,"minecraft:jump":1805,"minecraft:interact_with_blast_furnace":21,"minecraft:walk_on_water_one_cm":20692,"minecraft:total_world_time":220316,"minecraft:interact_with_furnace":36,"minecraft:sleep_in_bed":7,"minecraft:time_since_rest":9718,"minecraft:waystone_activated":2,"minecraft:damage_taken":4476,"minecraft:damage_dealt":7599,"minecraft:swim_one_cm":32386,"minecraft:fly_one_cm":260359,"minecraft:open_chest":50,"minecraft:crouch_one_cm":7430,"tombstone:undead_killed":32,"minecraft:fall_one_cm":20027}},"DataVersion":3465}