{"stats":{"minecraft:picked_up":{"minecraft:birch_log":9,"minecraft:bone":1,"minecraft:stick":18,"minecraft:arrow":2,"minecraft:apple":4,"minecraft:birch_planks":2,"minecraft:oak_log":39,"minecraft:oak_sapling":23,"minecraft:birch_sapling":4},"minecraft:custom":{"minecraft:time_since_rest":3734,"minecraft:crouch_one_cm":577,"minecraft:play_time":28951,"minecraft:sprint_one_cm":49962,"minecraft:walk_one_cm":33629,"minecraft:damage_taken":905,"minecraft:deaths":5,"minecraft:sneak_time":728,"minecraft:walk_under_water_one_cm":587,"minecraft:mob_kills":1,"minecraft:drop":1,"minecraft:jump":269,"minecraft:damage_dealt":70,"minecraft:time_since_death":4015,"minecraft:walk_on_water_one_cm":800,"minecraft:total_world_time":28951,"minecraft:swim_one_cm":472,"minecraft:interact_with_crafting_table":4,"minecraft:fall_one_cm":7367,"minecraft:fly_one_cm":103373},"minecraft:broken":{"minecraft:wooden_axe":1},"minecraft:dropped":{"tombstone:grave_dust":1},"minecraft:mined":{"minecraft:birch_planks":3,"minecraft:birch_log":9,"minecraft:birch_leaves":52,"minecraft:oak_leaves":27,"minecraft:oak_log":43},"minecraft:crafted":{"minecraft:wooden_sword":1,"minecraft:birch_planks":36,"minecraft:crafting_table":1,"minecraft:stick":4,"minecraft:wooden_axe":1},"minecraft:used":{"minecraft:wooden_axe":62,"minecraft:crafting_table":1,"minecraft:birch_planks":24,"tombstone:gift":2,"tombstone:grave_key":1},"minecraft:killed_by":{"minecraft:skeleton":3}},"DataVersion":3465}