{"stats":{"minecraft:picked_up":{"minecraft:birch_log":19,"minecraft:crafting_table":3,"minecraft:andesite":2,"soulsweapons:moonstone":6,"minecraft:birch_planks":3,"minecraft:tuff":23,"minecraft:dirt":3,"minecraft:red_bed":3,"minecraft:string":2,"minecraft:raw_copper":26,"minecraft:bone":8,"minecraft:beetroot":6,"minecraft:raw_gold":4,"minecraft:cobbled_deepslate":157,"minecraft:birch_sapling":4,"minecraft:furnace":1,"minecraft:book":3,"minecraft:smooth_basalt":5,"minecraft:stick":3,"minecraft:raw_iron":51,"minecraft:torch":23,"sophisticatedbackpacks:backpack":1,"minecraft:gravel":1,"tombstone:grave_dust":4,"minecraft:diorite":15,"minecraft:redstone":26,"minecraft:diamond":2,"minecraft:bundle":1,"minecraft:arrow":14,"minecraft:rotten_flesh":11,"minecraft:beetroot_seeds":11,"soulsweapons:verglas":9,"minecraft:glow_berries":1,"minecraft:mutton":1,"minecraft:coal":6,"minecraft:cobblestone":156,"minecraft:white_wool":1},"minecraft:killed":{"minecraft:skeleton":6,"minecraft:sheep":1,"minecraft:zombie":6,"minecraft:piglin_brute":1},"minecraft:custom":{"minecraft:interact_with_furnace":28,"minecraft:mob_kills":17,"minecraft:interact_with_crafting_table":24,"minecraft:damage_dealt_resisted":52,"minecraft:leave_game":3,"minecraft:time_since_death":3119,"minecraft:sleep_in_bed":2,"minecraft:time_since_rest":1775,"minecraft:sprint_one_cm":43008,"minecraft:damage_taken":1520,"minecraft:walk_one_cm":185928,"minecraft:damage_blocked_by_shield":3720,"minecraft:drop":6,"minecraft:damage_dealt":2446,"minecraft:swim_one_cm":2988,"minecraft:fly_one_cm":35471,"minecraft:open_chest":4,"minecraft:crouch_one_cm":1848,"minecraft:play_time":75068,"tombstone:undead_killed":12,"minecraft:deaths":4,"minecraft:sneak_time":989,"minecraft:walk_under_water_one_cm":2383,"minecraft:jump":591,"minecraft:walk_on_water_one_cm":6977,"minecraft:total_world_time":75068,"minecraft:fall_one_cm":4519},"minecraft:broken":{"minecraft:stone_pickaxe":1,"minecraft:iron_pickaxe":1},"minecraft:dropped":{"minecraft:birch_sapling":4,"minecraft:rotten_flesh":1,"tombstone:grave_dust":1},"minecraft:crafted":{"minecraft:wooden_shovel":1,"minecraft:coal":18,"minecraft:crafting_table":2,"minecraft:baked_potato":4,"minecraft:wooden_pickaxe":2,"minecraft:iron_helmet":1,"minecraft:furnace":2,"minecraft:copper_ingot":7,"minecraft:birch_planks":72,"minecraft:stone_axe":1,"minecraft:cooked_mutton":1,"minecraft:air":0,"minecraft:iron_boots":1,"minecraft:iron_chestplate":1,"minecraft:shield":1,"minecraft:stick":40,"minecraft:iron_ingot":30,"minecraft:iron_pickaxe":1,"minecraft:stone_pickaxe":5,"minecraft:wooden_axe":1,"minecraft:iron_leggings":1,"minecraft:torch":76},"minecraft:mined":{"minecraft:deepslate_redstone_ore":1,"minecraft:tuff":23,"minecraft:red_bed":3,"minecraft:deepslate_diamond_ore":2,"soulsweapons:verglas_ore_deepslate":7,"minecraft:crafting_table":3,"minecraft:torch":14,"minecraft:grass_block":2,"minecraft:mushroom_stem":1,"minecraft:cobblestone":2,"minecraft:copper_ore":8,"minecraft:deepslate_gold_ore":4,"minecraft:diorite":15,"minecraft:wall_torch":6,"minecraft:birch_planks":3,"minecraft:redstone_ore":5,"minecraft:furnace":1,"minecraft:birch_log":19,"minecraft:iron_ore":42,"minecraft:andesite":2,"minecraft:birch_leaves":1,"minecraft:grass":1,"soulsweapons:moonstone_ore_deepslate":6,"minecraft:coal_ore":6,"minecraft:beetroots":6,"minecraft:deepslate_iron_ore":9,"minecraft:gravel":1,"minecraft:dirt":1,"minecraft:smooth_basalt":5,"minecraft:stone":153,"minecraft:deepslate":163,"soulsweapons:verglas_ore":2},"minecraft:used":{"minecraft:beetroot":6,"minecraft:cooked_mutton":1,"minecraft:water_bucket":2,"minecraft:diorite":3,"minecraft:birch_planks":3,"minecraft:stone_pickaxe":177,"minecraft:baked_potato":4,"minecraft:wooden_pickaxe":18,"minecraft:shield":36,"minecraft:wooden_shovel":2,"minecraft:rotten_flesh":2,"minecraft:iron_chestplate":1,"minecraft:torch":72,"cataclysm:black_steel_targe":72,"minecraft:dirt":2,"minecraft:red_bed":2,"minecraft:crafting_table":4,"minecraft:tuff":17,"minecraft:wooden_axe":8,"minecraft:lava_bucket":1,"minecraft:iron_axe":19,"minecraft:iron_pickaxe":269,"minecraft:iron_helmet":1,"twilightforest:brown_thorns":1,"minecraft:iron_boots":1,"tombstone:grave_key":4,"minecraft:stone_axe":23,"minecraft:golden_carrot":3,"minecraft:cobblestone":56,"minecraft:bow":23,"minecraft:furnace":2,"minecraft:bucket":3,"tombstone:gift":3,"minecraft:potato":2,"minecraft:iron_leggings":1},"minecraft:killed_by":{"minecraft:zombie":1}},"DataVersion":3465}