{"stats":{"minecraft:killed":{"twilightforest:deer":1,"minecraft:spider":6,"minecraft:skeleton":12,"twilightforest:swarm_spider":5,"minecraft:piglin_brute":2,"minecraft:piglin":5,"minecraft:husk":8,"twilightforest:kobold":20,"minecraft:frog":1,"minecraft:creeper":2,"minecraft:sheep":1,"twilightforest:redcap":5,"minecraft:zombie":18,"minecraft:cow":1,"minecraft:enderman":3,"twilightforest:bighorn_sheep":1},"minecraft:killed_by":{"minecraft:player":1,"minecraft:creeper":1,"bosses_of_mass_destruction:void_blossom":1,"minecraft:piglin":2,"minecraft:skeleton":1,"minecraft:zombie":2,"twilightforest:redcap":3},"minecraft:custom":{"minecraft:interact_with_anvil":2,"minecraft:mob_kills":94,"minecraft:interact_with_crafting_table":62,"minecraft:open_barrel":27,"minecraft:damage_dealt_resisted":52,"minecraft:leave_game":13,"minecraft:time_since_death":22696,"minecraft:climb_one_cm":2716,"minecraft:sprint_one_cm":410260,"minecraft:walk_one_cm":613763,"minecraft:damage_blocked_by_shield":7335,"minecraft:drop":189,"minecraft:damage_dealt_absorbed":80,"minecraft:play_time":330402,"minecraft:deaths":15,"minecraft:sneak_time":9373,"minecraft:walk_under_water_one_cm":25935,"minecraft:boat_one_cm":7774,"minecraft:jump":3077,"minecraft:interact_with_blast_furnace":35,"minecraft:walk_on_water_one_cm":44927,"minecraft:total_world_time":330402,"minecraft:interact_with_furnace":39,"minecraft:interact_with_grindstone":2,"minecraft:sleep_in_bed":10,"minecraft:time_since_rest":7961,"minecraft:waystone_activated":4,"minecraft:damage_taken":7472,"minecraft:damage_dealt":14959,"minecraft:swim_one_cm":36762,"minecraft:fly_one_cm":5475883,"minecraft:open_chest":88,"minecraft:crouch_one_cm":13893,"tombstone:undead_killed":38,"minecraft:fall_one_cm":44121},"minecraft:dropped":{"minecraft:bread":66,"minecraft:stripped_mangrove_wood":2,"minecraft:wheat_seeds":2,"minecraft:diamond":26,"immersive_aircraft:biplane":1,"minecraft:cobblestone":138,"minecraft:iron_helmet":3,"minecraft:glow_berries":1,"minecraft:granite":44,"minecraft:mushroom_stew":1,"minecraft:emerald":9,"minecraft:oxeye_daisy":4,"minecraft:dirt":26,"minecraft:diorite":18,"minecraft:torch":1,"minecraft:light_blue_wool":1,"tombstone:grave_dust":22,"minecraft:iron_leggings":1,"minecraft:pumpkin_pie":1,"minecraft:sand":2,"minecraft:iron_axe":2,"minecraft:dark_oak_planks":5,"minecraft:gray_carpet":1,"minecraft:spruce_sapling":30,"minecraft:gold_ingot":24,"minecraft:redstone":3,"minecraft:cobbled_deepslate":31,"minecraft:tuff":17,"minecraft:birch_sapling":4,"minecraft:raw_iron":2,"minecraft:rotten_flesh":19,"minecraft:iron_boots":1,"minecraft:iron_chestplate":1,"minecraft:andesite":21,"minecraft:oak_sapling":9,"minecraft:ladder":4,"minecraft:sandstone":1,"minecraft:beef":2,"minecraft:stone_pickaxe":1,"minecraft:calcite":2},"minecraft:picked_up":{"minecraft:iron_chestplate":1,"minecraft:crafting_table":5,"minecraft:coarse_dirt":1,"minecraft:wheat":23,"minecraft:ladder":4,"minecraft:anvil":1,"soulsweapons:moonstone":13,"minecraft:cornflower":3,"minecraft:string":13,"minecraft:red_bed":3,"minecraft:raw_copper":31,"minecraft:iron_axe":1,"immersive_aircraft:biplane":11,"minecraft:iron_leggings":1,"minecraft:beetroot":6,"minecraft:gold_nugget":3,"minecraft:cobbled_deepslate":445,"minecraft:beef":2,"minecraft:oak_boat":1,"minecraft:calcite":5,"minecraft:poppy":2,"minecraft:iron_pickaxe":1,"minecraft:birch_sapling":4,"minecraft:furnace":1,"minecraft:iron_boots":2,"minecraft:egg":1,"minecraft:stick":3,"minecraft:raw_iron":84,"minecraft:sandstone":1,"minecraft:stripped_mangrove_wood":2,"minecraft:torch":112,"sophisticatedbackpacks:backpack":1,"minecraft:polished_blackstone_bricks":55,"tombstone:grave_dust":25,"minecraft:diorite":38,"minecraft:redstone":26,"minecraft:dark_oak_planks":5,"minecraft:arrow":21,"minecraft:rotten_flesh":34,"minecraft:light_blue_wool":1,"minecraft:beetroot_seeds":11,"minecraft:pumpkin_pie":1,"minecraft:glow_berries":1,"minecraft:obsidian":19,"minecraft:mutton":1,"minecraft:white_wool":4,"minecraft:cobblestone":549,"minecraft:oxeye_daisy":6,"minecraft:birch_log":19,"minecraft:andesite":38,"minecraft:leather":2,"minecraft:birch_planks":3,"minecraft:flint":1,"minecraft:tuff":60,"minecraft:gunpowder":2,"minecraft:lapis_lazuli":118,"minecraft:dirt":153,"minecraft:white_banner":1,"twilightforest:raw_venison":2,"minecraft:bone":17,"minecraft:gray_carpet":1,"minecraft:wheat_seeds":5,"minecraft:raw_gold":17,"minecraft:iron_ingot":16,"minecraft:stone_pickaxe":1,"minecraft:glowstone_dust":2,"minecraft:moss_block":2,"minecraft:oak_planks":26,"minecraft:book":3,"minecraft:smooth_basalt":5,"minecraft:dandelion":5,"minecraft:gravel":37,"minecraft:sand":2,"minecraft:spruce_sapling":31,"minecraft:blast_furnace":12,"minecraft:spruce_log":38,"minecraft:spider_eye":5,"minecraft:bundle":1,"minecraft:diamond":11,"waystones:waystone":2,"minecraft:iron_helmet":3,"treasure2:crate_chest_moldy":1,"minecraft:granite":40,"minecraft:golden_apple":1,"soulsweapons:verglas":9,"minecraft:bread":35,"minecraft:oak_sapling":9,"twilightforest:torchberries":4,"minecraft:coal":10,"minecraft:ender_pearl":3},"minecraft:mined":{"minecraft:dark_oak_planks":5,"minecraft:diamond_ore":4,"treasure2:crate_chest_moldy":1,"minecraft:tuff":60,"minecraft:mossy_cobblestone":2,"minecraft:deepslate_diamond_ore":7,"minecraft:mangrove_wall_sign":1,"minecraft:obsidian":19,"minecraft:ladder":4,"minecraft:granite":89,"minecraft:grass_block":87,"minecraft:cracked_polished_blackstone_bricks":9,"minecraft:spruce_leaves":10,"minecraft:moss_block":2,"minecraft:oxeye_daisy":4,"minecraft:sandstone":1,"minecraft:spawner":5,"minecraft:large_fern":2,"minecraft:polished_blackstone_bricks":56,"minecraft:redstone_ore":5,"minecraft:glowstone":1,"minecraft:furnace":1,"minecraft:iron_ore":71,"minecraft:fire":1,"minecraft:cobbled_deepslate":3,"minecraft:andesite":48,"minecraft:anvil":1,"minecraft:deepslate_lapis_ore":12,"minecraft:dark_oak_stairs":1,"soulsweapons:moonstone_ore_deepslate":13,"minecraft:deepslate_iron_ore":13,"minecraft:stripped_mangrove_wood":2,"minecraft:stone":619,"minecraft:deepslate_redstone_ore":1,"minecraft:glass_pane":1,"minecraft:red_bed":3,"minecraft:hanging_roots":1,"soulsweapons:verglas_ore_deepslate":7,"minecraft:basalt":2,"minecraft:dandelion":5,"minecraft:cornflower":3,"twilightforest:torchberry_plant":4,"minecraft:crafting_table":4,"minecraft:torch":43,"minecraft:blast_furnace":12,"minecraft:poppy":2,"minecraft:calcite":20,"minecraft:mushroom_stem":1,"minecraft:copper_ore":9,"minecraft:tall_grass":3,"minecraft:cobblestone":16,"minecraft:deepslate_gold_ore":11,"minecraft:lapis_ore":7,"minecraft:oak_planks":2,"twilightforest:mayapple":1,"minecraft:diorite":63,"minecraft:wall_torch":17,"minecraft:spruce_stairs":1,"minecraft:birch_planks":3,"minecraft:coarse_dirt":1,"minecraft:birch_log":19,"minecraft:spruce_log":39,"minecraft:birch_leaves":1,"minecraft:white_wall_banner":1,"minecraft:yellow_bed":1,"minecraft:grass":38,"minecraft:mangrove_slab":1,"minecraft:coal_ore":7,"minecraft:beetroots":6,"minecraft:gravel":24,"minecraft:sand":1,"minecraft:dirt":55,"minecraft:gray_carpet":1,"minecraft:smooth_basalt":5,"minecraft:gold_ore":6,"minecraft:deepslate":496,"soulsweapons:verglas_ore":3},"minecraft:crafted":{"immersive_aircraft:engine":1,"minecraft:coal":45,"minecraft:furnace":3,"minecraft:piston":2,"immersive_aircraft:biplane":1,"minecraft:diamond_shovel":1,"minecraft:cooked_mutton":1,"minecraft:flint_and_steel":1,"twilightforest:cooked_venison":2,"minecraft:diamond_helmet":1,"minecraft:diamond_leggings":1,"minecraft:iron_boots":1,"immersive_aircraft:hull":3,"minecraft:stone_pickaxe":5,"minecraft:diamond_boots":1,"minecraft:wooden_shovel":1,"immersive_aircraft:boiler":1,"minecraft:crafting_table":3,"minecraft:iron_helmet":1,"minecraft:wooden_pickaxe":2,"minecraft:baked_potato":4,"minecraft:copper_ingot":26,"minecraft:bucket":1,"minecraft:birch_planks":72,"minecraft:stone_axe":1,"immersive_aircraft:propeller":1,"minecraft:air":0,"minecraft:oak_boat":1,"minecraft:iron_chestplate":1,"minecraft:diamond_pickaxe":1,"minecraft:golden_apple":2,"minecraft:shield":1,"minecraft:stick":64,"minecraft:iron_ingot":83,"minecraft:iron_pickaxe":1,"minecraft:wooden_axe":1,"minecraft:iron_block":3,"minecraft:iron_leggings":1,"minecraft:gold_ingot":17,"minecraft:anvil":1,"minecraft:white_bed":1,"minecraft:torch":164,"minecraft:diamond_chestplate":1},"minecraft:broken":{"minecraft:stone_pickaxe":2,"minecraft:iron_pickaxe":2,"cataclysm:black_steel_targe":1},"minecraft:used":{"minecraft:moss_block":2,"minecraft:beetroot":6,"minecraft:flint_and_steel":1,"minecraft:poppy":2,"minecraft:shield":36,"minecraft:iron_sword":134,"minecraft:wooden_shovel":2,"minecraft:rotten_flesh":2,"minecraft:iron_chestplate":1,"minecraft:torch":238,"minecraft:anvil":2,"minecraft:dirt":345,"minecraft:diamond_helmet":1,"minecraft:tuff":32,"minecraft:obsidian":10,"minecraft:granite":4,"minecraft:wooden_axe":8,"minecraft:lava_bucket":3,"minecraft:iron_axe":162,"twilightforest:cooked_venison":1,"minecraft:iron_helmet":1,"twilightforest:brown_thorns":1,"minecraft:iron_boots":1,"minecraft:golden_carrot":30,"minecraft:bow":98,"minecraft:furnace":2,"tombstone:gift":3,"minecraft:potato":2,"immersive_aircraft:biplane":10,"minecraft:cobbled_deepslate":216,"minecraft:iron_leggings":1,"minecraft:calcite":2,"minecraft:cooked_mutton":1,"minecraft:water_bucket":30,"minecraft:diorite":8,"minecraft:birch_planks":3,"minecraft:baked_potato":4,"minecraft:stone_pickaxe":362,"minecraft:oak_planks":16,"minecraft:wooden_pickaxe":18,"minecraft:polished_blackstone_bricks":32,"cataclysm:black_steel_targe":131,"minecraft:blast_furnace":5,"minecraft:red_bed":3,"minecraft:crafting_table":6,"minecraft:white_bed":1,"minecraft:spruce_log":4,"waystones:waystone":3,"minecraft:cornflower":3,"minecraft:diamond_pickaxe":921,"minecraft:oxeye_daisy":2,"minecraft:diamond_shovel":81,"minecraft:bread":2,"minecraft:iron_pickaxe":507,"tombstone:grave_key":4,"minecraft:gravel":28,"minecraft:stone_axe":23,"minecraft:cobblestone":133,"minecraft:andesite":15,"minecraft:bucket":33,"minecraft:pumpkin_pie":6,"minecraft:oak_boat":2,"minecraft:dandelion":5}},"DataVersion":3465}