{"stats":{"minecraft:picked_up":{"minecraft:birch_log":19,"minecraft:crafting_table":3,"minecraft:andesite":6,"soulsweapons:moonstone":8,"minecraft:birch_planks":3,"minecraft:tuff":33,"minecraft:gunpowder":2,"minecraft:dirt":10,"minecraft:red_bed":3,"minecraft:string":3,"minecraft:raw_copper":31,"minecraft:bone":11,"minecraft:beetroot":6,"minecraft:raw_gold":6,"minecraft:cobbled_deepslate":207,"minecraft:birch_sapling":4,"minecraft:furnace":1,"minecraft:book":3,"minecraft:smooth_basalt":5,"minecraft:stick":3,"minecraft:raw_iron":52,"minecraft:torch":23,"sophisticatedbackpacks:backpack":1,"minecraft:gravel":1,"tombstone:grave_dust":4,"minecraft:diorite":31,"minecraft:redstone":26,"minecraft:spider_eye":1,"minecraft:diamond":4,"minecraft:bundle":1,"minecraft:arrow":14,"minecraft:rotten_flesh":12,"minecraft:beetroot_seeds":11,"minecraft:granite":21,"soulsweapons:verglas":9,"minecraft:glow_berries":1,"minecraft:mutton":1,"minecraft:coal":6,"minecraft:cobblestone":290,"minecraft:white_wool":1},"minecraft:killed":{"minecraft:spider":2,"minecraft:creeper":2,"minecraft:skeleton":8,"minecraft:sheep":1,"minecraft:zombie":7,"minecraft:piglin_brute":1},"minecraft:custom":{"minecraft:interact_with_furnace":28,"minecraft:mob_kills":24,"minecraft:interact_with_crafting_table":24,"minecraft:damage_dealt_resisted":52,"minecraft:leave_game":4,"minecraft:time_since_death":28285,"minecraft:sleep_in_bed":2,"minecraft:time_since_rest":25886,"minecraft:sprint_one_cm":91113,"minecraft:damage_taken":2637,"minecraft:walk_one_cm":248383,"minecraft:damage_blocked_by_shield":4965,"minecraft:drop":14,"minecraft:damage_dealt":3495,"minecraft:damage_dealt_absorbed":80,"minecraft:swim_one_cm":2988,"minecraft:fly_one_cm":100934,"minecraft:open_chest":4,"minecraft:crouch_one_cm":3343,"minecraft:play_time":107708,"tombstone:undead_killed":15,"minecraft:deaths":5,"minecraft:sneak_time":1891,"minecraft:walk_under_water_one_cm":4162,"minecraft:jump":797,"minecraft:walk_on_water_one_cm":9647,"minecraft:total_world_time":107708,"minecraft:fall_one_cm":8227},"minecraft:broken":{"minecraft:stone_pickaxe":2,"minecraft:iron_pickaxe":1},"minecraft:dropped":{"minecraft:cobbled_deepslate":1,"minecraft:birch_sapling":4,"minecraft:cobblestone":131,"minecraft:rotten_flesh":1,"minecraft:granite":21,"minecraft:diorite":13,"minecraft:andesite":4,"tombstone:grave_dust":1},"minecraft:crafted":{"minecraft:wooden_shovel":1,"minecraft:coal":36,"minecraft:crafting_table":2,"minecraft:baked_potato":4,"minecraft:wooden_pickaxe":2,"minecraft:iron_helmet":1,"minecraft:furnace":2,"minecraft:copper_ingot":7,"minecraft:birch_planks":72,"minecraft:stone_axe":1,"minecraft:cooked_mutton":1,"minecraft:air":0,"minecraft:iron_boots":1,"minecraft:iron_chestplate":1,"minecraft:diamond_pickaxe":1,"minecraft:shield":1,"minecraft:stick":60,"minecraft:iron_ingot":30,"minecraft:iron_pickaxe":1,"minecraft:stone_pickaxe":5,"minecraft:wooden_axe":1,"minecraft:iron_leggings":1,"minecraft:torch":148},"minecraft:mined":{"minecraft:deepslate_redstone_ore":1,"minecraft:tuff":35,"minecraft:red_bed":3,"minecraft:deepslate_diamond_ore":4,"soulsweapons:verglas_ore_deepslate":7,"minecraft:crafting_table":3,"minecraft:torch":14,"minecraft:granite":21,"minecraft:grass_block":3,"minecraft:mushroom_stem":1,"minecraft:cobblestone":6,"minecraft:copper_ore":9,"minecraft:deepslate_gold_ore":6,"minecraft:diorite":31,"minecraft:wall_torch":6,"minecraft:birch_planks":3,"minecraft:redstone_ore":5,"minecraft:furnace":1,"minecraft:birch_log":19,"minecraft:iron_ore":43,"minecraft:cobbled_deepslate":2,"minecraft:andesite":6,"minecraft:birch_leaves":1,"minecraft:grass":1,"soulsweapons:moonstone_ore_deepslate":8,"minecraft:coal_ore":6,"minecraft:beetroots":6,"minecraft:deepslate_iron_ore":9,"minecraft:gravel":1,"minecraft:dirt":7,"minecraft:smooth_basalt":5,"minecraft:stone":283,"minecraft:deepslate":231,"soulsweapons:verglas_ore":2},"minecraft:used":{"minecraft:beetroot":6,"minecraft:cooked_mutton":1,"minecraft:water_bucket":6,"minecraft:diorite":6,"minecraft:birch_planks":3,"minecraft:stone_pickaxe":362,"minecraft:baked_potato":4,"minecraft:wooden_pickaxe":18,"minecraft:shield":36,"minecraft:wooden_shovel":2,"minecraft:rotten_flesh":2,"minecraft:iron_chestplate":1,"minecraft:torch":124,"cataclysm:black_steel_targe":95,"minecraft:dirt":2,"minecraft:red_bed":2,"minecraft:crafting_table":4,"minecraft:tuff":17,"minecraft:wooden_axe":8,"minecraft:lava_bucket":1,"minecraft:iron_axe":34,"minecraft:iron_pickaxe":356,"minecraft:iron_helmet":1,"twilightforest:brown_thorns":1,"minecraft:iron_boots":1,"tombstone:grave_key":4,"minecraft:stone_axe":23,"minecraft:golden_carrot":9,"minecraft:cobblestone":63,"minecraft:bow":39,"minecraft:furnace":2,"minecraft:bucket":7,"tombstone:gift":3,"minecraft:potato":2,"minecraft:cobbled_deepslate":25,"minecraft:iron_leggings":1},"minecraft:killed_by":{"minecraft:creeper":1,"minecraft:zombie":1}},"DataVersion":3465}