{"stats":{"minecraft:picked_up":{"minecraft:birch_log":13,"minecraft:crafting_table":3,"minecraft:andesite":2,"soulsweapons:moonstone":6,"minecraft:birch_planks":3,"minecraft:tuff":20,"minecraft:dirt":2,"minecraft:red_bed":3,"minecraft:string":2,"minecraft:raw_copper":26,"minecraft:bone":8,"minecraft:beetroot":6,"minecraft:cobbled_deepslate":72,"minecraft:birch_sapling":4,"minecraft:furnace":1,"minecraft:book":3,"minecraft:smooth_basalt":5,"minecraft:stick":3,"minecraft:raw_iron":50,"minecraft:torch":13,"minecraft:gravel":1,"tombstone:grave_dust":3,"minecraft:diorite":15,"minecraft:redstone":21,"minecraft:diamond":1,"minecraft:bundle":1,"minecraft:arrow":14,"minecraft:rotten_flesh":4,"minecraft:beetroot_seeds":11,"soulsweapons:verglas":5,"minecraft:mutton":1,"minecraft:coal":6,"minecraft:cobblestone":146,"minecraft:white_wool":1},"minecraft:killed":{"minecraft:skeleton":6,"minecraft:sheep":1,"minecraft:zombie":1,"minecraft:piglin_brute":1},"minecraft:custom":{"minecraft:interact_with_furnace":28,"minecraft:mob_kills":12,"minecraft:interact_with_crafting_table":20,"minecraft:leave_game":3,"minecraft:time_since_death":14886,"minecraft:sleep_in_bed":2,"minecraft:time_since_rest":14353,"minecraft:sprint_one_cm":37502,"minecraft:damage_taken":1112,"minecraft:walk_one_cm":144244,"minecraft:damage_blocked_by_shield":2820,"minecraft:drop":6,"minecraft:damage_dealt":1276,"minecraft:swim_one_cm":2746,"minecraft:fly_one_cm":24679,"minecraft:open_chest":1,"minecraft:crouch_one_cm":1848,"minecraft:play_time":63068,"tombstone:undead_killed":7,"minecraft:deaths":3,"minecraft:sneak_time":975,"minecraft:walk_under_water_one_cm":2122,"minecraft:jump":448,"minecraft:walk_on_water_one_cm":3301,"minecraft:total_world_time":63068,"minecraft:fall_one_cm":3563},"minecraft:broken":{"minecraft:stone_pickaxe":1},"minecraft:dropped":{"minecraft:birch_sapling":4,"minecraft:rotten_flesh":1,"tombstone:grave_dust":1},"minecraft:crafted":{"minecraft:wooden_shovel":1,"minecraft:coal":18,"minecraft:crafting_table":1,"minecraft:baked_potato":4,"minecraft:wooden_pickaxe":1,"minecraft:iron_helmet":1,"minecraft:furnace":2,"minecraft:copper_ingot":7,"minecraft:birch_planks":52,"minecraft:stone_axe":1,"minecraft:cooked_mutton":1,"minecraft:air":0,"minecraft:iron_boots":1,"minecraft:iron_chestplate":1,"minecraft:shield":1,"minecraft:stick":32,"minecraft:iron_ingot":30,"minecraft:iron_pickaxe":1,"minecraft:stone_pickaxe":3,"minecraft:wooden_axe":1,"minecraft:iron_leggings":1,"minecraft:torch":76},"minecraft:mined":{"minecraft:tuff":20,"minecraft:red_bed":3,"minecraft:deepslate_diamond_ore":1,"soulsweapons:verglas_ore_deepslate":3,"minecraft:crafting_table":3,"minecraft:torch":5,"minecraft:grass_block":1,"minecraft:mushroom_stem":1,"minecraft:copper_ore":8,"minecraft:diorite":15,"minecraft:wall_torch":6,"minecraft:birch_planks":3,"minecraft:redstone_ore":5,"minecraft:furnace":1,"minecraft:birch_log":13,"minecraft:iron_ore":42,"minecraft:andesite":2,"minecraft:birch_leaves":1,"minecraft:grass":1,"soulsweapons:moonstone_ore_deepslate":6,"minecraft:coal_ore":6,"minecraft:beetroots":6,"minecraft:deepslate_iron_ore":8,"minecraft:gravel":1,"minecraft:dirt":1,"minecraft:smooth_basalt":5,"minecraft:stone":147,"minecraft:deepslate":74,"soulsweapons:verglas_ore":2},"minecraft:used":{"minecraft:beetroot":6,"minecraft:cooked_mutton":1,"minecraft:water_bucket":1,"minecraft:diorite":3,"minecraft:birch_planks":3,"minecraft:stone_pickaxe":177,"minecraft:baked_potato":4,"minecraft:wooden_pickaxe":11,"minecraft:shield":36,"minecraft:wooden_shovel":2,"minecraft:rotten_flesh":2,"minecraft:iron_chestplate":1,"minecraft:torch":42,"cataclysm:black_steel_targe":8,"minecraft:dirt":2,"minecraft:red_bed":2,"minecraft:crafting_table":3,"minecraft:tuff":7,"minecraft:wooden_axe":8,"minecraft:lava_bucket":1,"minecraft:iron_axe":2,"minecraft:iron_pickaxe":164,"minecraft:iron_helmet":1,"twilightforest:brown_thorns":1,"minecraft:iron_boots":1,"tombstone:grave_key":4,"minecraft:stone_axe":23,"minecraft:golden_carrot":1,"minecraft:cobblestone":56,"minecraft:bow":15,"minecraft:furnace":2,"minecraft:bucket":2,"tombstone:gift":2,"minecraft:potato":2,"minecraft:iron_leggings":1}},"DataVersion":3465}