{"stats":{"minecraft:picked_up":{"minecraft:crafting_table":8,"soulsweapons:moonstone":12,"minecraft:gold_block":2,"minecraft:string":5,"immersive_aircraft:biplane":3,"minecraft:raw_copper":52,"minecraft:wooden_sword":2,"minecraft:cobbled_deepslate":193,"minecraft:spruce_planks":21,"minecraft:beef":4,"minecraft:smooth_quartz":1,"minecraft:coal_block":3,"minecraft:furnace":14,"minecraft:stick":10,"minecraft:raw_iron":98,"minecraft:sandstone":8,"minecraft:torch":102,"minecraft:sandstone_wall":4,"minecraft:porkchop":7,"tombstone:grave_dust":7,"minecraft:diorite":17,"treasure2:compressor_chest":1,"minecraft:redstone":4,"tombstone:lollipop":1,"minecraft:tnt":2,"minecraft:arrow":9,"minecraft:rotten_flesh":41,"minecraft:iron_bars":2,"minecraft:mutton":2,"minecraft:white_wool":2,"minecraft:snowball":32,"minecraft:rail":1,"minecraft:cobblestone":179,"minecraft:repeater":2,"minecraft:glow_ink_sac":3,"minecraft:andesite":21,"minecraft:leather":3,"minecraft:potato":1,"minecraft:tuff":62,"minecraft:oak_log":8,"minecraft:gunpowder":2,"minecraft:lapis_lazuli":34,"minecraft:dirt":23,"minecraft:polished_granite":1,"minecraft:bone":5,"farmersdelight:cooking_pot":1,"minecraft:wheat_seeds":2,"minecraft:raw_gold":8,"minecraft:stone_pickaxe":1,"minecraft:cooked_chicken":4,"minecraft:sweet_berries":33,"minecraft:gravel":23,"minecraft:sand":14,"minecraft:spruce_sapling":17,"minecraft:spruce_log":50,"minecraft:spider_eye":2,"minecraft:polished_andesite":1,"minecraft:light_gray_concrete":1,"minecraft:purple_bed":2,"minecraft:diamond":8,"minecraft:granite":13,"soulsweapons:verglas":6,"tombstone:magic_scroll":1,"minecraft:coal":18},"minecraft:killed":{"minecraft:spider":3,"minecraft:skeleton":5,"minecraft:pig":4,"minecraft:zombie_villager":1,"minecraft:creeper":2,"minecraft:sheep":2,"minecraft:zombie":15,"minecraft:cow":2},"minecraft:custom":{"minecraft:mob_kills":34,"minecraft:interact_with_crafting_table":31,"minecraft:leave_game":2,"minecraft:time_since_death":44378,"minecraft:climb_one_cm":16458,"minecraft:sprint_one_cm":311146,"minecraft:walk_one_cm":312784,"minecraft:damage_blocked_by_shield":1148,"minecraft:drop":89,"tombstone:eaten_lollipop":1,"minecraft:play_time":138280,"minecraft:deaths":6,"minecraft:sneak_time":2220,"minecraft:walk_under_water_one_cm":22935,"minecraft:jump":1512,"minecraft:walk_on_water_one_cm":26049,"minecraft:total_world_time":138280,"minecraft:interact_with_furnace":47,"minecraft:sleep_in_bed":2,"minecraft:time_since_rest":18102,"minecraft:damage_taken":4011,"minecraft:damage_dealt":5613,"minecraft:fly_one_cm":154280,"minecraft:swim_one_cm":17285,"minecraft:open_chest":32,"minecraft:crouch_one_cm":5359,"tombstone:undead_killed":21,"minecraft:fall_one_cm":41903,"minecraft:inspect_dispenser":2},"minecraft:broken":{"minecraft:wooden_pickaxe":1,"minecraft:iron_pickaxe":2},"minecraft:dropped":{"minecraft:wheat_seeds":2,"minecraft:glow_ink_sac":3,"minecraft:cobblestone":29,"minecraft:stick":1,"minecraft:dirt":11,"minecraft:snowball":16,"tombstone:grave_dust":6,"minecraft:wooden_sword":2,"minecraft:iron_pickaxe":1,"minecraft:string":1,"minecraft:bone":2,"minecraft:spruce_sapling":4,"minecraft:gravel":19,"minecraft:cobbled_deepslate":33,"minecraft:rotten_flesh":37,"minecraft:sandstone_wall":3,"minecraft:skeleton_skull":1,"minecraft:spruce_planks":12,"minecraft:andesite":5,"minecraft:spider_eye":1,"minecraft:spruce_log":4,"minecraft:sandstone":5,"minecraft:iron_bars":2,"minecraft:stone_pickaxe":1},"minecraft:mined":{"treasure2:compressor_chest":1,"minecraft:tuff":60,"minecraft:spruce_planks":6,"minecraft:deepslate_diamond_ore":8,"minecraft:granite":26,"minecraft:grass_block":9,"minecraft:coal_block":3,"minecraft:spruce_leaves":24,"minecraft:sandstone":10,"minecraft:spawner":2,"minecraft:large_fern":19,"minecraft:furnace":14,"minecraft:iron_ore":11,"minecraft:andesite":44,"minecraft:gold_block":2,"soulsweapons:moonstone_ore_deepslate":12,"minecraft:deepslate_iron_ore":88,"minecraft:iron_bars":2,"minecraft:light_gray_concrete":1,"minecraft:stone":257,"farmersdelight:cooking_pot":1,"soulsweapons:verglas_ore_deepslate":5,"minecraft:polished_granite":1,"minecraft:crafting_table":7,"minecraft:torch":8,"minecraft:tall_grass":1,"minecraft:copper_ore":16,"minecraft:cobblestone":25,"minecraft:lapis_ore":5,"minecraft:diorite":33,"minecraft:wall_torch":8,"minecraft:purple_bed":2,"minecraft:light_gray_stained_glass":3,"minecraft:sweet_berry_bush":17,"minecraft:spruce_log":46,"minecraft:birch_leaves":2,"minecraft:tnt":2,"minecraft:grass":2,"minecraft:coal_ore":5,"minecraft:oak_log":14,"minecraft:smooth_quartz":2,"minecraft:sand":13,"minecraft:gravel":22,"minecraft:dirt":6,"minecraft:cobweb":2,"minecraft:polished_andesite":1,"minecraft:gold_ore":8,"minecraft:oak_leaves":1,"minecraft:deepslate":191,"minecraft:fern":4,"soulsweapons:verglas_ore":1},"minecraft:crafted":{"immersive_aircraft:engine":1,"minecraft:wooden_sword":1,"minecraft:smooth_stone":3,"minecraft:oak_planks":28,"minecraft:coal":18,"minecraft:blast_furnace":1,"immersive_aircraft:biplane":1,"minecraft:piston":2,"minecraft:diamond_helmet":1,"minecraft:iron_boots":1,"immersive_aircraft:hull":3,"soulsweapons:bluemoon_greatsword":1,"immersive_aircraft:boiler":1,"minecraft:crafting_table":1,"minecraft:spruce_planks":60,"minecraft:wooden_pickaxe":1,"minecraft:copper_ingot":7,"minecraft:stone_axe":1,"immersive_aircraft:propeller":1,"minecraft:air":0,"minecraft:white_wool":2,"minecraft:iron_chestplate":1,"minecraft:shield":1,"minecraft:stick":28,"minecraft:iron_ingot":87,"minecraft:iron_pickaxe":1,"minecraft:wooden_axe":1,"minecraft:iron_leggings":1,"minecraft:torch":92},"minecraft:used":{"minecraft:spruce_planks":36,"minecraft:shield":22,"minecraft:stone":1,"tombstone:lollipop":1,"minecraft:cooked_chicken":4,"minecraft:rotten_flesh":4,"minecraft:iron_chestplate":1,"minecraft:torch":194,"minecraft:dirt":3,"minecraft:diamond_helmet":1,"minecraft:iron_boots":1,"minecraft:sweet_berries":54,"minecraft:furnace":8,"farmersdelight:cooking_pot":1,"tombstone:gift":3,"immersive_aircraft:biplane":4,"minecraft:cobbled_deepslate":43,"minecraft:iron_leggings":1,"minecraft:water_bucket":21,"minecraft:polished_andesite":1,"minecraft:stone_pickaxe":87,"minecraft:oak_planks":23,"minecraft:wooden_pickaxe":59,"minecraft:sandstone":2,"minecraft:glow_berries":11,"soulsweapons:bluemoon_greatsword":73,"minecraft:sand":5,"minecraft:crafting_table":9,"tombstone:tablet_of_home":1,"minecraft:oak_log":1,"minecraft:bread":11,"minecraft:iron_pickaxe":740,"minecraft:polished_granite":1,"tombstone:grave_key":2,"minecraft:spruce_sapling":5,"minecraft:gravel":1,"minecraft:stone_axe":98,"minecraft:cobblestone":122,"minecraft:purple_bed":1,"minecraft:bucket":22,"minecraft:andesite":9},"minecraft:killed_by":{"minecraft:creeper":2,"minecraft:cave_spider":1,"minecraft:skeleton":1,"minecraft:zombie":1}},"DataVersion":3465}