{"stats":{"minecraft:picked_up":{"minecraft:birch_log":25,"minecraft:crafting_table":5,"minecraft:andesite":2,"minecraft:leather":2,"minecraft:lead":1,"soulsweapons:moonstone":15,"minecraft:potato":10,"minecraft:birch_planks":22,"minecraft:tuff":15,"minecraft:chain":2,"minecraft:gunpowder":2,"minecraft:lapis_lazuli":11,"minecraft:beetroot":43,"minecraft:wheat_seeds":3,"minecraft:cobbled_deepslate":224,"minecraft:raw_gold":5,"minecraft:grindstone":1,"minecraft:iron_ingot":2,"minecraft:beef":5,"minecraft:birch_sapling":2,"minecraft:furnace":7,"minecraft:book":3,"minecraft:stick":2,"minecraft:raw_iron":125,"minecraft:torch":68,"minecraft:dripstone_block":7,"minecraft:porkchop":4,"tombstone:grave_dust":1,"minecraft:diorite":7,"minecraft:white_bed":1,"minecraft:barrel":2,"minecraft:arrow":2,"minecraft:diamond":2,"minecraft:beetroot_seeds":140,"treasure2:gold_coin":1,"soulsweapons:verglas":12,"minecraft:mutton":8,"minecraft:coal":116,"minecraft:cobblestone":93,"minecraft:white_wool":4},"minecraft:killed":{"minecraft:pig":3,"minecraft:skeleton":1,"minecraft:sheep":4,"minecraft:trader_llama":1,"minecraft:zombie":2,"minecraft:cow":3},"minecraft:custom":{"minecraft:interact_with_furnace":29,"minecraft:mob_kills":16,"minecraft:interact_with_crafting_table":18,"minecraft:open_barrel":4,"minecraft:interact_with_grindstone":1,"minecraft:leave_game":4,"minecraft:time_since_death":928,"minecraft:sleep_in_bed":2,"minecraft:time_since_rest":193,"minecraft:sprint_one_cm":204196,"minecraft:damage_taken":1070,"minecraft:walk_one_cm":133235,"minecraft:damage_blocked_by_shield":360,"minecraft:drop":6,"minecraft:damage_dealt":1689,"minecraft:swim_one_cm":41124,"minecraft:talked_to_villager":1,"minecraft:fly_one_cm":269798,"minecraft:deaths":1,"minecraft:crouch_one_cm":17769,"minecraft:play_time":86459,"minecraft:sneak_time":6864,"tombstone:undead_killed":3,"minecraft:walk_under_water_one_cm":26554,"minecraft:jump":1457,"minecraft:interact_with_blast_furnace":2,"minecraft:walk_on_water_one_cm":16178,"minecraft:total_world_time":86459,"minecraft:fall_one_cm":36613},"minecraft:broken":{"minecraft:stone_pickaxe":1,"minecraft:iron_pickaxe":1,"minecraft:wooden_axe":1},"minecraft:dropped":{"minecraft:wheat_seeds":3,"minecraft:beetroot_seeds":64,"tombstone:grave_dust":1,"minecraft:wooden_pickaxe":1},"minecraft:mined":{"minecraft:tuff":15,"minecraft:white_bed":1,"minecraft:deepslate_diamond_ore":2,"soulsweapons:verglas_ore_deepslate":4,"minecraft:crafting_table":5,"minecraft:torch":5,"minecraft:granite":2,"minecraft:tall_grass":2,"minecraft:cobblestone":17,"minecraft:deepslate_gold_ore":5,"minecraft:grindstone":1,"minecraft:diorite":7,"minecraft:wall_torch":22,"minecraft:chain":2,"minecraft:furnace":7,"minecraft:birch_log":26,"minecraft:iron_ore":73,"minecraft:barrel":2,"minecraft:andesite":2,"minecraft:birch_leaves":1,"minecraft:deepslate_lapis_ore":4,"minecraft:grass":10,"soulsweapons:moonstone_ore_deepslate":15,"minecraft:bookshelf":2,"minecraft:coal_ore":58,"minecraft:beetroots":54,"minecraft:deepslate_iron_ore":5,"minecraft:gravel":3,"minecraft:dirt":2,"minecraft:stone":73,"minecraft:oak_leaves":2,"minecraft:deepslate":284,"soulsweapons:verglas_ore":8},"minecraft:crafted":{"minecraft:coal_block":1,"minecraft:smooth_stone":3,"minecraft:cooked_porkchop":4,"minecraft:crafting_table":2,"minecraft:wooden_pickaxe":1,"minecraft:blast_furnace":1,"minecraft:stone":3,"minecraft:birch_planks":88,"minecraft:bucket":1,"minecraft:cooked_mutton":8,"minecraft:air":0,"minecraft:shield":1,"minecraft:stick":24,"minecraft:iron_ingot":17,"minecraft:iron_pickaxe":2,"minecraft:stone_pickaxe":1,"minecraft:wooden_axe":1,"minecraft:white_bed":1,"minecraft:torch":40},"minecraft:used":{"minecraft:beetroot":43,"minecraft:cooked_mutton":8,"minecraft:water_bucket":211,"minecraft:diorite":7,"minecraft:birch_planks":26,"minecraft:stone_pickaxe":130,"minecraft:wooden_pickaxe":28,"minecraft:shield":5,"minecraft:torch":105,"minecraft:blast_furnace":1,"minecraft:crafting_table":6,"minecraft:white_bed":2,"minecraft:wooden_axe":43,"minecraft:lava_bucket":12,"minecraft:birch_sapling":2,"minecraft:iron_pickaxe":462,"minecraft:barrel":2,"minecraft:cobblestone":85,"minecraft:furnace":6,"minecraft:cooked_porkchop":2,"minecraft:bucket":224,"minecraft:birch_log":3,"minecraft:andesite":1,"tombstone:gift":2,"minecraft:cobbled_deepslate":50}},"DataVersion":3465}