{"stats":{"minecraft:picked_up":{"minecraft:wheat":9,"minecraft:lead":2,"minecraft:smithing_table":5,"minecraft:diamond_sword":1,"soulsweapons:moonstone":17,"minecraft:enchanted_book":2,"minecraft:crimson_planks":4,"minecraft:golden_sword":112,"soulsweapons:soul_robes_boots":1,"soulsweapons:forlorn_boots":2,"minecraft:string":29,"minecraft:raw_copper":50,"minecraft:iron_leggings":2,"minecraft:beetroot":43,"minecraft:diamond_leggings":1,"minecraft:gold_nugget":1322,"minecraft:cobbled_deepslate":231,"bosses_of_mass_destruction:soul_star":26,"minecraft:cobblestone_slab":2,"minecraft:iron_pickaxe":2,"farmersdelight:cabbage_seeds":6,"minecraft:iron_boots":2,"minecraft:furnace":8,"minecraft:golden_helmet":2,"minecraft:stick":272,"treasure2:cauldron_chest":1,"minecraft:torch":84,"minecraft:porkchop":20,"soulsweapons:soul_robes_leggings":3,"tombstone:grave_dust":185,"minecraft:diorite":8,"soulsweapons:soul_robes_chestplate":4,"minecraft:waxed_cut_copper_stairs":1,"minecraft:rotten_flesh":1609,"soulsweapons:soul_ingot_chestplate":2,"minecraft:blaze_rod":8,"minecraft:obsidian":1,"minecraft:cobblestone":594,"minecraft:birch_log":25,"minecraft:feather":6,"minecraft:andesite":14,"minecraft:golden_leggings":1,"minecraft:potato":21,"minecraft:flint":4,"minecraft:tuff":15,"minecraft:lapis_lazuli":76,"minecraft:dirt":1422,"tombstone:familiar_receptacle":1,"soulsweapons:soul_robes_helmet":2,"minecraft:glass":1,"minecraft:bone":36,"minecraft:bow":1,"minecraft:wheat_seeds":38,"minecraft:orange_tulip":2,"minecraft:raw_gold":6,"minecraft:grindstone":3,"minecraft:fletching_table":2,"minecraft:cyan_candle":3,"minecraft:glowstone_dust":74,"minecraft:moss_block":1,"minecraft:oak_planks":151,"twilightforest:mushgloom":2,"sophisticatedbackpacks:iron_backpack":4,"minecraft:barrel":3,"minecraft:mossy_cobblestone":1,"minecraft:bundle":28,"minecraft:diamond":7,"minecraft:soul_lantern":1,"waystones:waystone":3,"minecraft:crossbow":4,"minecraft:granite":220,"minecraft:golden_apple":1,"soulsweapons:verglas":12,"minecraft:emerald":120,"minecraft:bread":32,"minecraft:oak_sapling":462,"minecraft:netherrack":213,"soulsweapons:forlorn_helmet":3,"minecraft:crafting_table":7,"minecraft:nether_wart":49,"minecraft:chicken":4,"minecraft:ladder":10,"soulsweapons:altar_block":1,"minecraft:brown_mushroom":20,"minecraft:chain":4,"minecraft:shield":1,"soulsweapons:forlorn_leggings":2,"minecraft:cornflower":2,"minecraft:oak_trapdoor":1,"soulsweapons:demon_heart":9,"immersive_aircraft:biplane":8,"minecraft:flint_and_steel":1,"soulsweapons:soul_ingot_helmet":1,"minecraft:blue_orchid":2,"minecraft:beef":89,"minecraft:poppy":2,"minecraft:lectern":19,"tombstone:dark_marble":1,"tombstone:tablet_of_assistance":1,"minecraft:chest":4,"minecraft:birch_sapling":2,"minecraft:spruce_trapdoor":3,"minecraft:phantom_membrane":7,"minecraft:egg":1,"soulsweapons:nightfall":2,"minecraft:raw_iron":315,"soulsweapons:forlorn_chestplate":2,"minecraft:carrot":2,"minecraft:arrow":29,"minecraft:diamond_chestplate":1,"minecraft:beetroot_seeds":145,"minecraft:diamond_boots":1,"tombstone:essence_of_undeath":5,"minecraft:gold_ingot":61,"sophisticatedbackpacks:copper_backpack":2,"minecraft:glow_berries":2,"minecraft:mutton":28,"minecraft:white_wool":8,"minecraft:air":0,"minecraft:mud_bricks":4,"minecraft:crimson_stem":2,"minecraft:leather":62,"soulsweapons:translucent_glaive":1,"minecraft:birch_planks":38,"minecraft:oak_log":1185,"minecraft:chainmail_chestplate":3,"minecraft:golden_boots":1,"minecraft:yellow_bed":8,"minecraft:nether_wart_block":1,"minecraft:gunpowder":12,"soulsweapons:soul_ingot":15,"minecraft:deepslate_tile_slab":1,"minecraft:white_banner":1,"tombstone:gift":2,"twilightforest:raw_venison":6,"minecraft:apple":91,"soulsweapons:lost_soul":23,"minecraft:iron_ingot":110,"tombstone:bag_of_seeds":15,"minecraft:soul_sand":20,"minecraft:iron_sword":1,"minecraft:book":3,"minecraft:sweet_berries":5,"minecraft:quartz":87,"minecraft:dandelion":9,"minecraft:dripstone_block":7,"minecraft:gravel":75,"minecraft:blast_furnace":1,"minecraft:white_bed":1,"minecraft:spruce_log":5,"minecraft:spider_eye":11,"treasure2:gold_coin":2,"minecraft:iron_helmet":1,"minecraft:diamond_axe":4,"minecraft:gray_wool":1,"minecraft:baked_potato":1,"tombstone:magic_scroll":22,"minecraft:coal":355},"minecraft:killed":{"twilightforest:boar":1,"minecraft:zombified_piglin":878,"minecraft:witch":1,"minecraft:spider":16,"minecraft:skeleton":14,"soulsweapons:evil_forlorn":7,"minecraft:piglin_brute":62,"soulsweapons:returning_knight":1,"minecraft:piglin":36,"minecraft:pig":6,"minecraft:creeper":6,"minecraft:sheep":9,"minecraft:trader_llama":1,"minecraft:pillager":2,"twilightforest:redcap":4,"minecraft:zombie":320,"minecraft:ghast":1,"minecraft:blaze":4,"minecraft:cow":51,"twilightforest:deer":1,"minecraft:vindicator":550,"soulsweapons:dark_sorcerer":17,"minecraft:phantom":2,"twilightforest:swarm_spider":6,"minecraft:drowned":2,"treasure2:bound_soul":1,"soulsweapons:remnant":11,"twilightforest:kobold":10,"minecraft:hoglin":2,"soulsweapons:withered_demon":4,"minecraft:wither_skeleton":5,"minecraft:villager":1},"minecraft:custom":{"minecraft:interact_with_crafting_table":101,"minecraft:open_barrel":27,"minecraft:leave_game":27,"minecraft:time_since_death":38557,"minecraft:damage_resisted":66,"minecraft:sprint_one_cm":2278516,"minecraft:damage_blocked_by_shield":7580,"minecraft:drop":608,"minecraft:talked_to_villager":381,"minecraft:play_time":898710,"minecraft:deaths":47,"minecraft:jump":15661,"minecraft:interact_with_brewingstand":2,"minecraft:walk_on_water_one_cm":176354,"minecraft:enchant_item":12,"minecraft:interact_with_furnace":50,"minecraft:traded_with_villager":398,"minecraft:sleep_in_bed":41,"minecraft:waystone_activated":9,"minecraft:damage_dealt":277013,"minecraft:player_kills":5,"minecraft:crouch_one_cm":175087,"tombstone:undead_killed":1227,"tombstone:villager_killed":1,"minecraft:interact_with_smithing_table":1,"minecraft:interact_with_anvil":25,"minecraft:mob_kills":2188,"minecraft:inspect_hopper":1,"minecraft:damage_dealt_resisted":11549,"minecraft:climb_one_cm":13824,"minecraft:walk_one_cm":1514114,"minecraft:damage_dealt_absorbed":1028,"minecraft:sneak_time":83519,"minecraft:walk_under_water_one_cm":71019,"minecraft:interact_with_blast_furnace":59,"minecraft:total_world_time":898710,"tombstone:raider_killed":555,"minecraft:raid_trigger":1,"minecraft:interact_with_grindstone":22,"minecraft:time_since_rest":9718,"minecraft:damage_absorbed":83,"minecraft:damage_taken":27436,"minecraft:trigger_trapped_chest":9,"minecraft:swim_one_cm":127603,"minecraft:fly_one_cm":6874873,"minecraft:open_chest":255,"minecraft:fall_one_cm":385780},"minecraft:broken":{"minecraft:iron_shovel":3,"minecraft:iron_boots":1,"minecraft:stone_pickaxe":2,"minecraft:iron_sword":6,"soulsweapons:soul_robes_chestplate":2,"minecraft:wooden_axe":1,"minecraft:golden_chestplate":1,"minecraft:shield":1,"minecraft:iron_axe":4,"minecraft:iron_pickaxe":4,"minecraft:iron_helmet":1},"minecraft:dropped":{"sophisticatedbackpacks:iron_backpack":3,"minecraft:iron_sword":1,"minecraft:birch_planks":1,"minecraft:moss_block":1,"minecraft:brown_mushroom":20,"minecraft:porkchop":3,"minecraft:diamond_axe":6,"minecraft:lapis_lazuli":1,"minecraft:baked_potato":2,"minecraft:crossbow":3,"minecraft:orange_tulip":2,"minecraft:leather":4,"minecraft:emerald":141,"minecraft:dirt":66,"tombstone:bag_of_seeds":14,"minecraft:cornflower":2,"minecraft:chain":2,"soulsweapons:soul_ingot_helmet":1,"minecraft:gold_nugget":74,"minecraft:phantom_membrane":7,"minecraft:iron_pickaxe":3,"minecraft:white_wool":3,"minecraft:gold_ingot":16,"minecraft:bone":19,"minecraft:gravel":62,"soulsweapons:translucent_glaive":1,"minecraft:cobbled_deepslate":7,"minecraft:wheat":3,"minecraft:obsidian":1,"minecraft:soul_lantern":1,"tombstone:gift":1,"treasure2:gold_coin":1,"minecraft:rotten_flesh":1597,"minecraft:oak_planks":3,"minecraft:glowstone_dust":10,"soulsweapons:soul_robes_boots":1,"minecraft:carrot":1,"minecraft:chainmail_chestplate":15,"bosses_of_mass_destruction:soul_star":4,"minecraft:poppy":2,"minecraft:gunpowder":2,"minecraft:beetroot_seeds":113,"minecraft:ladder":10,"minecraft:leather_leggings":1,"minecraft:arrow":21,"minecraft:glass":1,"minecraft:beef":15,"soulsweapons:forlorn_leggings":1,"minecraft:netherrack":207,"soulsweapons:soul_ingot_chestplate":2,"minecraft:enchanted_book":1,"minecraft:crimson_planks":6,"minecraft:golden_boots":2,"minecraft:iron_ingot":5,"minecraft:bread":42,"minecraft:oak_slab":4,"minecraft:wheat_seeds":25,"minecraft:golden_helmet":4,"minecraft:mossy_cobblestone":1,"minecraft:dripstone_block":7,"minecraft:cobblestone":137,"minecraft:iron_helmet":11,"minecraft:feather":6,"minecraft:lead":1,"minecraft:apple":40,"soulsweapons:forlorn_helmet":2,"minecraft:copper_ingot":10,"soulsweapons:soul_robes_leggings":3,"minecraft:deepslate_tile_slab":1,"minecraft:golden_apple":1,"soulsweapons:soul_robes_helmet":2,"minecraft:stick":75,"minecraft:gray_wool":1,"minecraft:diorite":1,"soulsweapons:forlorn_boots":1,"tombstone:magic_scroll":8,"minecraft:torch":1,"tombstone:grave_key":2,"minecraft:nether_wart_block":1,"tombstone:grave_dust":198,"minecraft:iron_leggings":2,"minecraft:cyan_candle":3,"minecraft:iron_axe":21,"twilightforest:mushgloom":2,"minecraft:iron_shovel":1,"minecraft:chainmail_leggings":1,"minecraft:string":27,"soulsweapons:forlorn_chestplate":1,"minecraft:dandelion":11,"soulsweapons:soul_robes_chestplate":2,"twilightforest:raw_venison":6,"minecraft:oak_trapdoor":1,"minecraft:tuff":15,"farmersdelight:cabbage_seeds":6,"minecraft:chicken":4,"minecraft:iron_boots":1,"sophisticatedbackpacks:backpack":1,"minecraft:flint_and_steel":1,"minecraft:diamond_sword":1,"minecraft:potato":1,"minecraft:cobblestone_slab":2,"minecraft:stone":1,"minecraft:mud_bricks":1,"minecraft:shield":1,"minecraft:spruce_trapdoor":3,"minecraft:bundle":27,"minecraft:andesite":5,"minecraft:golden_leggings":3,"minecraft:oak_sapling":189,"minecraft:golden_sword":110,"minecraft:spider_eye":6,"tombstone:essence_of_undeath":5,"sophisticatedbackpacks:copper_backpack":2,"minecraft:bow":1,"minecraft:blue_orchid":2,"minecraft:stone_pickaxe":11,"minecraft:wooden_pickaxe":1,"minecraft:raw_gold":1,"soulsweapons:nightfall":1},"minecraft:mined":{"minecraft:white_bed":1,"minecraft:oak_sapling":5,"minecraft:cave_vines_plant":1,"minecraft:granite":253,"minecraft:grass_block":739,"minecraft:nether_wart":20,"minecraft:oxeye_daisy":1,"minecraft:spawner":1,"treasure2:cauldron_chest":1,"minecraft:weeping_vines_plant":1,"minecraft:glowstone":25,"minecraft:iron_ore":255,"minecraft:barrel":3,"minecraft:fire":14,"minecraft:deepslate_lapis_ore":4,"minecraft:fletching_table":2,"minecraft:dirt_path":1,"minecraft:brown_mushroom":21,"soulsweapons:verglas_ore_deepslate":4,"minecraft:crimson_nylium":1,"minecraft:torch":9,"minecraft:blast_furnace":1,"minecraft:chest":4,"minecraft:nether_quartz_ore":67,"minecraft:cobblestone":42,"minecraft:oak_planks":152,"minecraft:grindstone":3,"minecraft:wall_torch":28,"minecraft:chain":2,"minecraft:nether_wart_block":1,"minecraft:birch_log":26,"minecraft:grass":150,"minecraft:oak_log":1203,"minecraft:beetroots":54,"minecraft:dirt":578,"minecraft:netherrack":230,"minecraft:deepslate":292,"minecraft:oak_leaves":120,"minecraft:cyan_candle":1,"soulsweapons:verglas_ore":8,"minecraft:nether_gold_ore":6,"minecraft:diamond_ore":5,"minecraft:tuff":15,"minecraft:mossy_cobblestone":1,"minecraft:deepslate_diamond_ore":2,"minecraft:spruce_leaves":3,"minecraft:moss_block":1,"minecraft:crimson_stem":2,"minecraft:furnace":8,"minecraft:andesite":17,"soulsweapons:moonstone_ore_deepslate":17,"minecraft:bookshelf":2,"minecraft:vine":2,"minecraft:deepslate_iron_ore":14,"minecraft:stone":531,"minecraft:smithing_table":5,"treasure2:gravestone1_stone":1,"minecraft:soul_sand":20,"soulsweapons:altar_block":1,"minecraft:crafting_table":7,"minecraft:lectern":18,"minecraft:copper_ore":16,"minecraft:tall_grass":27,"minecraft:deepslate_gold_ore":6,"minecraft:lapis_ore":9,"minecraft:diorite":8,"minecraft:birch_planks":16,"minecraft:spruce_log":6,"minecraft:birch_leaves":1,"minecraft:bee_nest":2,"minecraft:yellow_bed":7,"minecraft:coal_ore":214,"minecraft:gravel":51},"minecraft:crafted":{"immersive_aircraft:engine":2,"minecraft:smooth_stone":3,"minecraft:oak_planks":4328,"minecraft:stone":3,"minecraft:bookshelf":2,"minecraft:cooked_mutton":18,"minecraft:diamond_helmet":1,"minecraft:bow":4,"minecraft:diamond_leggings":1,"immersive_aircraft:hull":6,"minecraft:chest":5,"minecraft:oak_slab":12,"sophisticatedbackpacks:backpack":1,"minecraft:emerald":277,"minecraft:cooked_porkchop":17,"minecraft:diamond_axe":3,"minecraft:crafting_table":3,"minecraft:spruce_planks":20,"minecraft:wooden_pickaxe":1,"minecraft:iron_helmet":10,"minecraft:chainmail_chestplate":12,"minecraft:copper_ingot":24,"minecraft:fletching_table":2,"minecraft:birch_planks":88,"immersive_aircraft:propeller":2,"minecraft:apple":28,"minecraft:lectern":2,"minecraft:diamond_pickaxe":1,"minecraft:shield":1,"minecraft:stick":6448,"minecraft:iron_ingot":249,"minecraft:iron_pickaxe":5,"minecraft:iron_block":3,"minecraft:gold_ingot":134,"minecraft:golden_carrot":30,"minecraft:redstone":4,"minecraft:furnace":3,"immersive_aircraft:biplane":2,"minecraft:blast_furnace":1,"minecraft:piston":4,"minecraft:oak_trapdoor":2,"minecraft:iron_axe":25,"minecraft:stone_pickaxe":13,"minecraft:diamond_boots":1,"minecraft:cooked_beef":16,"minecraft:coal_block":2,"minecraft:crimson_planks":8,"minecraft:diamond_sword":1,"immersive_aircraft:boiler":2,"minecraft:iron_sword":3,"minecraft:bucket":2,"minecraft:enchanted_book":16,"minecraft:bread":108,"minecraft:air":0,"minecraft:golden_apple":13,"minecraft:wooden_axe":1,"minecraft:iron_shovel":7,"minecraft:anvil":1,"minecraft:white_bed":1,"minecraft:torch":228},"minecraft:used":{"minecraft:beetroot":43,"minecraft:iron_shovel":1269,"minecraft:chest":8,"minecraft:shield":87,"minecraft:iron_sword":1469,"minecraft:rotten_flesh":8,"minecraft:carrot":2,"minecraft:lava_bucket":69,"minecraft:birch_sapling":2,"minecraft:iron_helmet":4,"minecraft:bow":28,"minecraft:oak_sapling":270,"minecraft:furnace":8,"immersive_aircraft:biplane":9,"minecraft:potato":17,"minecraft:diorite":7,"minecraft:diamond_boots":2,"minecraft:oak_planks":656,"minecraft:stone_pickaxe":327,"minecraft:wooden_pickaxe":28,"minecraft:diamond_axe":850,"minecraft:cookie":8,"minecraft:golden_apple":3,"minecraft:blast_furnace":3,"minecraft:crossbow":5,"soulsweapons:forlorn_boots":1,"waystones:waystone":3,"minecraft:bread":98,"minecraft:lectern":21,"tombstone:grave_key":10,"minecraft:gravel":44,"minecraft:diamond_sword":2755,"minecraft:grindstone":3,"minecraft:smithing_table":5,"minecraft:andesite":1,"minecraft:birch_log":3,"minecraft:waxed_cut_copper_stairs":1,"minecraft:oak_trapdoor":2,"minecraft:flint_and_steel":6,"minecraft:netherrack":6,"minecraft:dirt":699,"minecraft:torch":237,"minecraft:brewing_stand":1,"minecraft:anvil":1,"minecraft:diamond_helmet":1,"minecraft:golden_chestplate":1,"minecraft:granite":197,"minecraft:wooden_axe":43,"minecraft:iron_axe":991,"minecraft:iron_boots":2,"minecraft:mud_bricks":2,"treasure2:cauldron_chest":1,"minecraft:barrel":3,"minecraft:diamond_chestplate":5,"minecraft:golden_carrot":77,"tombstone:gift":10,"minecraft:cooked_beef":17,"minecraft:cobbled_deepslate":89,"minecraft:iron_leggings":1,"soulsweapons:nightfall":24,"minecraft:cooked_mutton":18,"minecraft:water_bucket":305,"minecraft:birch_planks":63,"minecraft:fletching_table":4,"minecraft:crafting_table":9,"minecraft:white_bed":2,"soulsweapons:altar_block":1,"bosses_of_mass_destruction:soul_star":3,"tombstone:bag_of_seeds":1,"minecraft:oak_log":20,"minecraft:diamond_pickaxe":565,"minecraft:iron_pickaxe":1206,"tombstone:magic_scroll":5,"minecraft:cobblestone":275,"minecraft:cooked_porkchop":9,"soulsweapons:forlorn_leggings":1,"minecraft:bucket":376,"minecraft:yellow_bed":8,"soulsweapons:soul_robes_chestplate":1,"minecraft:diamond_leggings":2},"minecraft:killed_by":{"minecraft:piglin_brute":2,"minecraft:creeper":2,"minecraft:vindicator":8,"minecraft:zombie":4,"soulsweapons:evil_forlorn":2,"soulsweapons:returning_knight":6,"minecraft:player":13,"soulsweapons:dark_sorcerer":1,"minecraft:skeleton":3}},"DataVersion":3465}