{"stats":{"minecraft:picked_up":{"minecraft:birch_log":25,"minecraft:crafting_table":5,"minecraft:andesite":2,"minecraft:leather":2,"minecraft:lead":1,"soulsweapons:moonstone":15,"minecraft:potato":10,"minecraft:tuff":15,"minecraft:chain":2,"minecraft:gunpowder":2,"minecraft:lapis_lazuli":11,"minecraft:beetroot":43,"minecraft:wheat_seeds":1,"minecraft:cobbled_deepslate":192,"minecraft:raw_gold":5,"minecraft:grindstone":1,"minecraft:iron_ingot":2,"minecraft:beef":5,"minecraft:birch_sapling":2,"minecraft:furnace":5,"minecraft:book":3,"minecraft:stick":2,"minecraft:raw_iron":109,"minecraft:torch":46,"minecraft:dripstone_block":7,"minecraft:porkchop":4,"tombstone:grave_dust":1,"minecraft:white_bed":1,"minecraft:barrel":2,"minecraft:arrow":2,"minecraft:diamond":2,"minecraft:beetroot_seeds":140,"treasure2:gold_coin":1,"soulsweapons:verglas":9,"minecraft:mutton":8,"minecraft:coal":102,"minecraft:cobblestone":60,"minecraft:white_wool":4},"minecraft:killed":{"minecraft:pig":3,"minecraft:skeleton":1,"minecraft:sheep":4,"minecraft:trader_llama":1,"minecraft:zombie":2,"minecraft:cow":3},"minecraft:custom":{"minecraft:interact_with_furnace":22,"minecraft:mob_kills":16,"minecraft:interact_with_crafting_table":13,"minecraft:open_barrel":2,"minecraft:interact_with_grindstone":1,"minecraft:leave_game":4,"minecraft:time_since_death":63158,"minecraft:sleep_in_bed":2,"minecraft:time_since_rest":36982,"minecraft:sprint_one_cm":163864,"minecraft:damage_taken":830,"minecraft:walk_one_cm":97070,"minecraft:damage_blocked_by_shield":360,"minecraft:drop":4,"minecraft:damage_dealt":1689,"minecraft:swim_one_cm":39613,"minecraft:talked_to_villager":1,"minecraft:fly_one_cm":188063,"minecraft:crouch_one_cm":10446,"minecraft:play_time":63158,"minecraft:sneak_time":4218,"tombstone:undead_killed":3,"minecraft:walk_under_water_one_cm":24360,"minecraft:jump":1071,"minecraft:walk_on_water_one_cm":13897,"minecraft:total_world_time":63158,"minecraft:fall_one_cm":30364},"minecraft:broken":{"minecraft:stone_pickaxe":1,"minecraft:iron_pickaxe":1,"minecraft:wooden_axe":1},"minecraft:dropped":{"minecraft:wheat_seeds":1,"minecraft:beetroot_seeds":64,"tombstone:grave_dust":1,"minecraft:wooden_pickaxe":1},"minecraft:crafted":{"minecraft:cooked_porkchop":4,"minecraft:crafting_table":1,"minecraft:wooden_pickaxe":1,"minecraft:birch_planks":88,"minecraft:bucket":1,"minecraft:cooked_mutton":8,"minecraft:air":0,"minecraft:shield":1,"minecraft:stick":24,"minecraft:iron_ingot":14,"minecraft:iron_pickaxe":2,"minecraft:stone_pickaxe":1,"minecraft:wooden_axe":1,"minecraft:white_bed":1,"minecraft:torch":40},"minecraft:mined":{"minecraft:tuff":15,"minecraft:white_bed":1,"minecraft:deepslate_diamond_ore":2,"soulsweapons:verglas_ore_deepslate":1,"minecraft:crafting_table":5,"minecraft:torch":1,"minecraft:tall_grass":2,"minecraft:cobblestone":16,"minecraft:deepslate_gold_ore":5,"minecraft:grindstone":1,"minecraft:wall_torch":4,"minecraft:chain":2,"minecraft:furnace":5,"minecraft:birch_log":26,"minecraft:iron_ore":58,"minecraft:barrel":2,"minecraft:andesite":2,"minecraft:birch_leaves":1,"minecraft:deepslate_lapis_ore":4,"minecraft:grass":1,"soulsweapons:moonstone_ore_deepslate":15,"minecraft:bookshelf":2,"minecraft:coal_ore":44,"minecraft:beetroots":54,"minecraft:deepslate_iron_ore":4,"minecraft:stone":41,"minecraft:oak_leaves":2,"minecraft:deepslate":206,"soulsweapons:verglas_ore":8},"minecraft:used":{"minecraft:beetroot":43,"minecraft:cooked_mutton":8,"minecraft:water_bucket":210,"minecraft:birch_planks":26,"minecraft:stone_pickaxe":130,"minecraft:wooden_pickaxe":28,"minecraft:shield":5,"minecraft:torch":62,"minecraft:crafting_table":5,"minecraft:white_bed":2,"minecraft:wooden_axe":43,"minecraft:lava_bucket":5,"minecraft:birch_sapling":2,"minecraft:iron_pickaxe":290,"minecraft:barrel":1,"minecraft:cobblestone":22,"minecraft:furnace":4,"minecraft:bucket":215,"minecraft:birch_log":3,"minecraft:andesite":1}},"DataVersion":3465}