{"stats":{"minecraft:dropped":{"minecraft:wheat_seeds":1,"minecraft:beetroot_seeds":64},"minecraft:picked_up":{"minecraft:book":3,"minecraft:birch_log":22,"minecraft:raw_iron":4,"minecraft:crafting_table":2,"minecraft:andesite":1,"minecraft:porkchop":4,"minecraft:potato":10,"minecraft:white_bed":1,"minecraft:barrel":2,"minecraft:arrow":2,"minecraft:beetroot":43,"minecraft:beetroot_seeds":140,"minecraft:wheat_seeds":1,"minecraft:mutton":8,"minecraft:birch_sapling":2,"minecraft:coal":20,"minecraft:stick":2,"minecraft:white_wool":4,"minecraft:cobblestone":14,"minecraft:furnace":2},"minecraft:killed":{"minecraft:sheep":4,"minecraft:skeleton":1,"minecraft:pig":3},"minecraft:custom":{"minecraft:time_since_rest":3912,"minecraft:interact_with_furnace":3,"minecraft:sprint_one_cm":64704,"minecraft:damage_taken":270,"minecraft:walk_one_cm":28570,"minecraft:damage_blocked_by_shield":165,"minecraft:mob_kills":8,"minecraft:drop":2,"minecraft:damage_dealt":800,"minecraft:interact_with_crafting_table":7,"minecraft:fly_one_cm":64390,"minecraft:open_barrel":2,"minecraft:crouch_one_cm":1462,"minecraft:play_time":15750,"tombstone:undead_killed":1,"minecraft:sneak_time":599,"minecraft:jump":378,"minecraft:leave_game":1,"minecraft:time_since_death":15750,"minecraft:walk_on_water_one_cm":137,"minecraft:sleep_in_bed":1,"minecraft:total_world_time":15750,"minecraft:fall_one_cm":10390},"minecraft:mined":{"minecraft:white_bed":1,"minecraft:furnace":2,"minecraft:birch_log":23,"minecraft:iron_ore":4,"minecraft:barrel":2,"minecraft:andesite":1,"minecraft:birch_leaves":1,"minecraft:crafting_table":2,"minecraft:grass":1,"minecraft:bookshelf":2,"minecraft:coal_ore":21,"minecraft:beetroots":54,"minecraft:stone":14},"minecraft:crafted":{"minecraft:shield":1,"minecraft:crafting_table":1,"minecraft:stick":12,"minecraft:wooden_pickaxe":1,"minecraft:iron_ingot":1,"minecraft:stone_pickaxe":1,"minecraft:wooden_axe":1,"minecraft:white_bed":1,"minecraft:birch_planks":36,"minecraft:air":0},"minecraft:used":{"minecraft:beetroot":30,"minecraft:wooden_axe":35,"minecraft:stone_pickaxe":39,"minecraft:birch_sapling":2,"minecraft:wooden_pickaxe":4,"minecraft:shield":3,"minecraft:barrel":1,"minecraft:crafting_table":2,"minecraft:furnace":1,"minecraft:andesite":1,"minecraft:white_bed":1}},"DataVersion":3465}