{"stats":{"minecraft:mined":{"minecraft:tuff":15,"minecraft:white_bed":1,"minecraft:deepslate_diamond_ore":2,"minecraft:granite":2,"minecraft:furnace":7,"minecraft:barrel":2,"minecraft:iron_ore":78,"minecraft:andesite":2,"minecraft:deepslate_lapis_ore":4,"soulsweapons:moonstone_ore_deepslate":15,"minecraft:bookshelf":2,"minecraft:deepslate_iron_ore":5,"minecraft:stone":73,"soulsweapons:verglas_ore_deepslate":4,"minecraft:crafting_table":5,"minecraft:torch":5,"minecraft:tall_grass":2,"minecraft:cobblestone":17,"minecraft:deepslate_gold_ore":5,"minecraft:grindstone":1,"minecraft:oak_planks":4,"minecraft:diorite":7,"minecraft:wall_torch":22,"minecraft:chain":2,"minecraft:birch_planks":14,"minecraft:birch_log":26,"minecraft:birch_leaves":1,"minecraft:yellow_bed":1,"minecraft:bee_nest":1,"minecraft:grass":28,"minecraft:coal_ore":60,"minecraft:oak_log":54,"minecraft:beetroots":54,"minecraft:gravel":3,"minecraft:dirt":2,"minecraft:oak_leaves":2,"minecraft:deepslate":284,"soulsweapons:verglas_ore":8},"minecraft:dropped":{"minecraft:iron_ingot":1,"minecraft:wheat_seeds":3,"minecraft:gray_wool":1,"tombstone:grave_dust":3,"minecraft:beetroot_seeds":102,"minecraft:andesite":2,"minecraft:oak_sapling":3,"minecraft:wooden_pickaxe":1},"minecraft:killed_by":{"minecraft:zombie":1},"minecraft:picked_up":{"minecraft:crafting_table":5,"minecraft:lead":1,"soulsweapons:moonstone":15,"minecraft:chain":2,"minecraft:string":3,"minecraft:beetroot":43,"minecraft:cobbled_deepslate":224,"minecraft:beef":7,"minecraft:birch_sapling":2,"minecraft:furnace":7,"minecraft:stick":20,"minecraft:raw_iron":130,"minecraft:torch":68,"minecraft:porkchop":4,"tombstone:grave_dust":3,"minecraft:diorite":7,"minecraft:arrow":2,"minecraft:rotten_flesh":4,"minecraft:beetroot_seeds":140,"minecraft:mutton":18,"minecraft:white_wool":8,"minecraft:cobblestone":93,"minecraft:birch_log":25,"minecraft:andesite":3,"minecraft:leather":2,"minecraft:potato":10,"minecraft:birch_planks":36,"minecraft:tuff":15,"minecraft:oak_log":58,"minecraft:yellow_bed":1,"minecraft:gunpowder":5,"minecraft:lapis_lazuli":11,"minecraft:dirt":32,"minecraft:apple":2,"minecraft:wheat_seeds":3,"minecraft:raw_gold":5,"minecraft:grindstone":1,"minecraft:iron_ingot":3,"minecraft:oak_planks":2,"minecraft:book":3,"minecraft:dripstone_block":7,"minecraft:white_bed":1,"minecraft:barrel":2,"minecraft:diamond":2,"waystones:waystone":1,"treasure2:gold_coin":1,"minecraft:gray_wool":1,"soulsweapons:verglas":12,"minecraft:oak_sapling":34,"minecraft:coal":118},"minecraft:killed":{"minecraft:spider":2,"minecraft:skeleton":1,"minecraft:pig":3,"minecraft:creeper":2,"minecraft:sheep":9,"minecraft:trader_llama":1,"minecraft:zombie":7,"minecraft:cow":4},"minecraft:crafted":{"minecraft:smooth_stone":3,"minecraft:oak_planks":216,"minecraft:furnace":1,"minecraft:blast_furnace":1,"minecraft:stone":3,"minecraft:cooked_mutton":8,"minecraft:iron_axe":1,"minecraft:stone_pickaxe":1,"minecraft:cooked_beef":7,"minecraft:coal_block":1,"minecraft:cooked_porkchop":4,"minecraft:crafting_table":2,"minecraft:wooden_pickaxe":1,"minecraft:birch_planks":88,"minecraft:bucket":1,"minecraft:air":0,"minecraft:shield":1,"minecraft:stick":24,"minecraft:iron_ingot":81,"minecraft:iron_pickaxe":2,"minecraft:wooden_axe":1,"minecraft:gold_ingot":5,"minecraft:white_bed":1,"minecraft:torch":40},"minecraft:used":{"minecraft:beetroot":43,"minecraft:shield":15,"minecraft:rotten_flesh":2,"minecraft:torch":105,"minecraft:dirt":32,"minecraft:wooden_axe":43,"minecraft:lava_bucket":12,"minecraft:iron_axe":102,"minecraft:birch_sapling":2,"minecraft:barrel":2,"minecraft:furnace":7,"minecraft:oak_sapling":12,"tombstone:gift":4,"minecraft:cooked_beef":3,"minecraft:cobbled_deepslate":89,"minecraft:cooked_mutton":8,"minecraft:water_bucket":214,"minecraft:diorite":7,"minecraft:birch_planks":62,"minecraft:stone_pickaxe":130,"minecraft:oak_planks":192,"minecraft:wooden_pickaxe":28,"minecraft:crafting_table":6,"minecraft:blast_furnace":1,"minecraft:white_bed":2,"waystones:waystone":1,"minecraft:iron_pickaxe":470,"minecraft:cobblestone":85,"minecraft:cooked_porkchop":4,"minecraft:grindstone":1,"minecraft:birch_log":3,"minecraft:bucket":227,"minecraft:andesite":1,"minecraft:yellow_bed":1},"minecraft:broken":{"minecraft:stone_pickaxe":1,"minecraft:iron_pickaxe":1,"minecraft:wooden_axe":1},"minecraft:custom":{"minecraft:mob_kills":32,"minecraft:interact_with_crafting_table":24,"minecraft:open_barrel":9,"minecraft:leave_game":5,"minecraft:time_since_death":17990,"minecraft:sprint_one_cm":283113,"minecraft:walk_one_cm":182797,"minecraft:damage_blocked_by_shield":765,"minecraft:drop":16,"minecraft:talked_to_villager":1,"minecraft:play_time":113746,"minecraft:deaths":2,"minecraft:sneak_time":7882,"minecraft:walk_under_water_one_cm":27195,"minecraft:jump":2140,"minecraft:interact_with_blast_furnace":13,"minecraft:walk_on_water_one_cm":17464,"minecraft:total_world_time":113746,"minecraft:interact_with_furnace":32,"minecraft:interact_with_grindstone":1,"minecraft:sleep_in_bed":3,"minecraft:time_since_rest":1314,"minecraft:waystone_activated":1,"minecraft:damage_taken":1720,"minecraft:damage_dealt":3792,"minecraft:swim_one_cm":41835,"minecraft:fly_one_cm":414642,"minecraft:crouch_one_cm":20565,"tombstone:undead_killed":8,"minecraft:fall_one_cm":63277}},"DataVersion":3465}