{"stats":{"minecraft:mined":{"minecraft:tuff":15,"minecraft:white_bed":1,"minecraft:deepslate_diamond_ore":2,"minecraft:granite":2,"minecraft:grass_block":250,"minecraft:furnace":8,"minecraft:iron_ore":78,"minecraft:barrel":3,"minecraft:andesite":2,"minecraft:deepslate_lapis_ore":4,"soulsweapons:moonstone_ore_deepslate":15,"minecraft:bookshelf":2,"minecraft:deepslate_iron_ore":5,"minecraft:stone":76,"soulsweapons:verglas_ore_deepslate":4,"minecraft:crafting_table":7,"minecraft:torch":5,"minecraft:blast_furnace":1,"minecraft:chest":4,"minecraft:tall_grass":2,"minecraft:cobblestone":17,"minecraft:deepslate_gold_ore":5,"minecraft:grindstone":2,"minecraft:oak_planks":65,"minecraft:diorite":7,"minecraft:wall_torch":22,"minecraft:chain":2,"minecraft:birch_planks":15,"minecraft:birch_log":26,"minecraft:birch_leaves":1,"minecraft:bee_nest":1,"minecraft:yellow_bed":7,"minecraft:grass":48,"minecraft:oak_log":126,"minecraft:coal_ore":60,"minecraft:beetroots":54,"minecraft:gravel":3,"minecraft:dirt":80,"minecraft:oak_leaves":11,"minecraft:deepslate":284,"soulsweapons:verglas_ore":8},"minecraft:dropped":{"minecraft:iron_ingot":1,"minecraft:birch_planks":1,"minecraft:wheat_seeds":3,"minecraft:dripstone_block":7,"minecraft:gray_wool":1,"tombstone:grave_dust":3,"minecraft:chain":2,"minecraft:tuff":15,"treasure2:gold_coin":1,"minecraft:oak_planks":2,"minecraft:andesite":3,"minecraft:beetroot_seeds":102,"minecraft:oak_sapling":36,"minecraft:wooden_pickaxe":1},"minecraft:killed_by":{"minecraft:skeleton":1,"minecraft:zombie":2},"minecraft:picked_up":{"minecraft:crafting_table":7,"minecraft:lead":1,"soulsweapons:moonstone":15,"minecraft:chain":4,"minecraft:string":7,"minecraft:beetroot":43,"minecraft:cobbled_deepslate":224,"minecraft:beef":13,"minecraft:chest":4,"minecraft:birch_sapling":2,"minecraft:furnace":8,"minecraft:stick":35,"minecraft:raw_iron":130,"minecraft:torch":68,"minecraft:porkchop":4,"tombstone:grave_dust":3,"minecraft:diorite":7,"minecraft:arrow":3,"minecraft:rotten_flesh":5,"minecraft:beetroot_seeds":140,"minecraft:mutton":28,"minecraft:white_wool":8,"minecraft:cobblestone":95,"minecraft:birch_log":25,"minecraft:andesite":4,"minecraft:leather":6,"minecraft:potato":20,"minecraft:birch_planks":37,"minecraft:tuff":15,"minecraft:oak_log":129,"minecraft:yellow_bed":7,"minecraft:gunpowder":5,"minecraft:lapis_lazuli":11,"minecraft:dirt":357,"minecraft:apple":11,"minecraft:wheat_seeds":5,"minecraft:raw_gold":5,"minecraft:grindstone":2,"minecraft:iron_ingot":3,"minecraft:oak_planks":66,"minecraft:book":3,"minecraft:dripstone_block":7,"minecraft:blast_furnace":1,"minecraft:white_bed":1,"minecraft:barrel":3,"minecraft:spider_eye":2,"minecraft:diamond":2,"waystones:waystone":1,"treasure2:gold_coin":2,"minecraft:gray_wool":1,"soulsweapons:verglas":12,"minecraft:oak_sapling":87,"minecraft:coal":152},"minecraft:killed":{"minecraft:spider":6,"minecraft:skeleton":2,"minecraft:pig":3,"minecraft:creeper":2,"minecraft:sheep":9,"minecraft:trader_llama":1,"minecraft:zombie":8,"minecraft:cow":7},"minecraft:crafted":{"minecraft:oak_planks":500,"minecraft:smooth_stone":3,"minecraft:furnace":1,"minecraft:blast_furnace":1,"minecraft:stone":3,"minecraft:cooked_mutton":8,"minecraft:iron_axe":2,"minecraft:stone_pickaxe":1,"minecraft:chest":5,"minecraft:cooked_beef":13,"minecraft:coal_block":1,"sophisticatedbackpacks:backpack":1,"minecraft:cooked_porkchop":4,"minecraft:crafting_table":2,"minecraft:wooden_pickaxe":1,"minecraft:birch_planks":88,"minecraft:bucket":1,"minecraft:air":0,"minecraft:shield":1,"minecraft:stick":24,"minecraft:iron_ingot":81,"minecraft:iron_pickaxe":2,"minecraft:wooden_axe":1,"minecraft:iron_shovel":2,"minecraft:gold_ingot":5,"minecraft:white_bed":1,"minecraft:torch":40},"minecraft:used":{"minecraft:beetroot":43,"minecraft:iron_shovel":318,"minecraft:chest":8,"minecraft:shield":19,"minecraft:rotten_flesh":2,"minecraft:torch":108,"minecraft:dirt":34,"minecraft:wooden_axe":43,"minecraft:lava_bucket":17,"minecraft:iron_axe":280,"minecraft:birch_sapling":2,"minecraft:barrel":3,"minecraft:oak_sapling":49,"minecraft:furnace":8,"tombstone:gift":6,"minecraft:cooked_beef":9,"minecraft:cobbled_deepslate":89,"minecraft:cooked_mutton":8,"minecraft:water_bucket":217,"minecraft:diorite":7,"minecraft:birch_planks":62,"minecraft:stone_pickaxe":130,"minecraft:oak_planks":482,"minecraft:wooden_pickaxe":28,"minecraft:crafting_table":8,"minecraft:blast_furnace":2,"minecraft:white_bed":2,"waystones:waystone":1,"minecraft:iron_pickaxe":477,"minecraft:cobblestone":85,"minecraft:cooked_porkchop":4,"minecraft:grindstone":2,"minecraft:andesite":1,"minecraft:birch_log":3,"minecraft:bucket":234,"minecraft:yellow_bed":6},"minecraft:broken":{"minecraft:iron_shovel":1,"minecraft:stone_pickaxe":1,"minecraft:iron_axe":1,"minecraft:iron_pickaxe":1,"minecraft:wooden_axe":1},"minecraft:custom":{"minecraft:mob_kills":41,"minecraft:interact_with_crafting_table":34,"minecraft:open_barrel":15,"minecraft:leave_game":6,"minecraft:time_since_death":17096,"minecraft:sprint_one_cm":434291,"minecraft:walk_one_cm":302371,"minecraft:damage_blocked_by_shield":975,"minecraft:drop":33,"minecraft:talked_to_villager":1,"minecraft:play_time":161214,"minecraft:deaths":4,"minecraft:sneak_time":8714,"minecraft:walk_under_water_one_cm":27337,"minecraft:jump":3032,"minecraft:interact_with_blast_furnace":15,"minecraft:walk_on_water_one_cm":21075,"minecraft:total_world_time":161214,"minecraft:interact_with_furnace":35,"minecraft:interact_with_grindstone":1,"minecraft:sleep_in_bed":8,"minecraft:time_since_rest":11367,"minecraft:waystone_activated":1,"minecraft:damage_taken":2410,"minecraft:damage_dealt":5208,"minecraft:swim_one_cm":42693,"minecraft:fly_one_cm":762707,"minecraft:open_chest":28,"minecraft:crouch_one_cm":22811,"tombstone:undead_killed":10,"minecraft:fall_one_cm":84311}},"DataVersion":3465}