{"stats":{"minecraft:picked_up":{"minecraft:crafting_table":7,"minecraft:andesite":15,"minecraft:chiseled_quartz_block":2,"soulsweapons:moonstone":3,"minecraft:tuff":1,"minecraft:oak_log":3,"minecraft:gray_concrete":1,"minecraft:bone":10,"minecraft:cobbled_deepslate":81,"minecraft:raw_gold":5,"minecraft:spruce_planks":2,"minecraft:cooked_chicken":16,"minecraft:smooth_quartz":3,"minecraft:coal_block":1,"minecraft:oak_planks":2,"minecraft:furnace":2,"minecraft:raw_iron":48,"minecraft:stick":4,"minecraft:gravel":1,"minecraft:torch":10,"minecraft:sandstone_wall":2,"minecraft:sand":2,"minecraft:spruce_sapling":5,"tombstone:grave_dust":6,"minecraft:spruce_log":21,"tombstone:lollipop":1,"minecraft:light_gray_concrete":20,"minecraft:arrow":5,"minecraft:rotten_flesh":7,"soulsweapons:verglas":4,"minecraft:coal":19,"minecraft:snowball":11,"minecraft:cobblestone":41},"minecraft:killed":{"minecraft:skeleton":7,"minecraft:zombie":10},"minecraft:custom":{"minecraft:interact_with_furnace":13,"minecraft:mob_kills":18,"minecraft:interact_with_crafting_table":14,"minecraft:leave_game":2,"minecraft:time_since_death":32,"minecraft:climb_one_cm":19472,"minecraft:time_since_rest":1,"minecraft:sprint_one_cm":71053,"minecraft:damage_taken":1488,"minecraft:walk_one_cm":131098,"minecraft:drop":12,"minecraft:damage_dealt":4381,"minecraft:fly_one_cm":128753,"minecraft:open_chest":11,"minecraft:crouch_one_cm":10155,"minecraft:play_time":54654,"tombstone:undead_killed":17,"minecraft:deaths":3,"minecraft:sneak_time":5466,"minecraft:walk_under_water_one_cm":801,"minecraft:jump":932,"minecraft:walk_on_water_one_cm":1786,"minecraft:total_world_time":54654,"minecraft:fall_one_cm":30042},"minecraft:dropped":{"minecraft:chiseled_quartz_block":1,"minecraft:crafting_table":1,"minecraft:oak_planks":2,"minecraft:stick":49,"minecraft:filled_map":1,"minecraft:sandstone_wall":1,"minecraft:stone":1,"minecraft:torch":3,"minecraft:smooth_quartz":3,"minecraft:wooden_pickaxe":1,"minecraft:spruce_sapling":3},"minecraft:mined":{"minecraft:spruce_planks":3,"minecraft:gray_concrete":1,"minecraft:chiseled_quartz_block":2,"minecraft:crafting_table":6,"minecraft:coal_block":1,"minecraft:deepslate_gold_ore":2,"minecraft:oak_planks":2,"minecraft:large_fern":1,"minecraft:furnace":2,"minecraft:cobbled_deepslate":1,"minecraft:light_gray_stained_glass":1,"minecraft:iron_ore":40,"minecraft:spruce_log":24,"minecraft:andesite":11,"minecraft:oak_log":3,"soulsweapons:moonstone_ore_deepslate":3,"minecraft:coal_ore":5,"minecraft:gravel":1,"minecraft:light_gray_concrete":22,"minecraft:sand":2,"minecraft:smooth_quartz":3,"minecraft:sandstone_wall":3,"minecraft:stone":42,"minecraft:gold_ore":3,"minecraft:deepslate":72,"soulsweapons:verglas_ore":4},"minecraft:crafted":{"minecraft:wooden_sword":1,"minecraft:oak_planks":12,"minecraft:coal":9,"minecraft:crafting_table":1,"minecraft:spruce_planks":84,"minecraft:wooden_pickaxe":1,"minecraft:furnace":1,"minecraft:stone_axe":1,"minecraft:air":0,"minecraft:iron_chestplate":1,"minecraft:shield":1,"minecraft:iron_axe":1,"minecraft:stick":88,"minecraft:iron_ingot":12,"minecraft:iron_pickaxe":1,"minecraft:stone_pickaxe":1,"minecraft:wooden_axe":1,"minecraft:iron_leggings":1,"minecraft:torch":92},"minecraft:used":{"minecraft:stone_pickaxe":92,"minecraft:wooden_pickaxe":16,"minecraft:stone":30,"minecraft:cooked_chicken":16,"minecraft:torch":67,"minecraft:sand":2,"minecraft:crafting_table":7,"minecraft:chiseled_quartz_block":1,"minecraft:gray_concrete":1,"minecraft:snowball":9,"minecraft:wooden_axe":22,"minecraft:light_gray_concrete":4,"minecraft:iron_axe":19,"minecraft:iron_pickaxe":116,"tombstone:grave_key":3,"minecraft:spruce_sapling":2,"minecraft:stone_axe":51,"minecraft:wooden_sword":39,"minecraft:furnace":3,"tombstone:gift":4,"minecraft:cobbled_deepslate":3},"minecraft:killed_by":{"minecraft:skeleton":1,"minecraft:zombie":1}},"DataVersion":3465}