{"stats":{"minecraft:picked_up":{"minecraft:crafting_table":7,"minecraft:andesite":15,"minecraft:chiseled_quartz_block":2,"soulsweapons:moonstone":16,"minecraft:tuff":1,"minecraft:oak_log":12,"minecraft:gray_concrete":1,"minecraft:string":3,"minecraft:bone":12,"minecraft:cobbled_deepslate":152,"minecraft:raw_gold":5,"minecraft:spruce_planks":2,"minecraft:cooked_chicken":16,"minecraft:smooth_quartz":3,"minecraft:coal_block":1,"minecraft:oak_planks":2,"minecraft:furnace":2,"minecraft:raw_iron":48,"minecraft:stick":4,"minecraft:oak_fence":3,"minecraft:gravel":2,"minecraft:torch":10,"minecraft:sandstone_wall":2,"minecraft:sand":2,"minecraft:spruce_sapling":5,"tombstone:grave_dust":6,"minecraft:spruce_log":21,"tombstone:lollipop":2,"minecraft:light_gray_concrete":20,"minecraft:arrow":6,"minecraft:rotten_flesh":9,"minecraft:diamond":1,"soulsweapons:verglas":4,"minecraft:rail":1,"minecraft:coal":19,"minecraft:snowball":11,"minecraft:cobblestone":41},"minecraft:killed":{"minecraft:cave_spider":1,"minecraft:skeleton":11,"minecraft:zombie":12},"minecraft:custom":{"minecraft:interact_with_furnace":13,"minecraft:mob_kills":25,"minecraft:interact_with_crafting_table":16,"minecraft:leave_game":2,"minecraft:time_since_death":17953,"minecraft:climb_one_cm":19472,"minecraft:time_since_rest":17267,"minecraft:sprint_one_cm":112087,"minecraft:damage_taken":2257,"minecraft:walk_one_cm":209647,"minecraft:damage_blocked_by_shield":390,"tombstone:eaten_lollipop":1,"minecraft:drop":13,"minecraft:damage_dealt":6297,"minecraft:fly_one_cm":169693,"minecraft:open_chest":11,"minecraft:crouch_one_cm":15312,"minecraft:play_time":78654,"tombstone:undead_killed":23,"minecraft:deaths":4,"minecraft:sneak_time":7235,"minecraft:walk_under_water_one_cm":1944,"minecraft:jump":1274,"minecraft:walk_on_water_one_cm":6905,"minecraft:total_world_time":78654,"minecraft:fall_one_cm":36905},"minecraft:dropped":{"minecraft:gravel":1,"minecraft:chiseled_quartz_block":1,"minecraft:crafting_table":1,"minecraft:oak_planks":2,"minecraft:stick":49,"minecraft:filled_map":1,"minecraft:sandstone_wall":1,"minecraft:stone":1,"minecraft:torch":3,"minecraft:smooth_quartz":3,"minecraft:wooden_pickaxe":1,"minecraft:spruce_sapling":3},"minecraft:mined":{"minecraft:tuff":2,"minecraft:spruce_planks":3,"minecraft:gray_concrete":1,"minecraft:deepslate_diamond_ore":1,"minecraft:chiseled_quartz_block":2,"minecraft:crafting_table":6,"minecraft:cave_vines_plant":1,"minecraft:coal_block":1,"minecraft:deepslate_gold_ore":2,"minecraft:oak_planks":2,"minecraft:large_fern":1,"minecraft:furnace":2,"minecraft:cobbled_deepslate":2,"minecraft:light_gray_stained_glass":1,"minecraft:iron_ore":40,"minecraft:spruce_log":24,"minecraft:andesite":11,"minecraft:oak_log":8,"soulsweapons:moonstone_ore_deepslate":16,"minecraft:coal_ore":5,"minecraft:gravel":1,"minecraft:light_gray_concrete":22,"minecraft:sand":2,"minecraft:smooth_quartz":3,"minecraft:sandstone_wall":3,"minecraft:cobweb":1,"minecraft:stone":42,"minecraft:gold_ore":3,"minecraft:deepslate":138,"soulsweapons:verglas_ore":4},"minecraft:crafted":{"soulsweapons:bluemoon_greatsword":1,"minecraft:wooden_sword":1,"minecraft:oak_planks":40,"minecraft:coal":9,"minecraft:crafting_table":4,"minecraft:spruce_planks":84,"minecraft:wooden_pickaxe":1,"minecraft:furnace":1,"minecraft:stone_axe":1,"minecraft:air":0,"minecraft:bow":1,"minecraft:iron_chestplate":1,"minecraft:shield":1,"minecraft:iron_axe":1,"minecraft:stick":96,"minecraft:iron_ingot":12,"minecraft:iron_pickaxe":1,"minecraft:stone_pickaxe":1,"minecraft:wooden_axe":1,"minecraft:iron_leggings":1,"minecraft:torch":132},"minecraft:used":{"minecraft:stone_pickaxe":93,"minecraft:shield":6,"minecraft:wooden_pickaxe":16,"minecraft:stone":30,"tombstone:lollipop":1,"minecraft:cooked_chicken":16,"minecraft:rotten_flesh":9,"minecraft:glow_berries":5,"minecraft:torch":121,"soulsweapons:bluemoon_greatsword":20,"minecraft:sand":2,"minecraft:crafting_table":9,"minecraft:chiseled_quartz_block":1,"minecraft:gray_concrete":1,"minecraft:snowball":9,"minecraft:oak_log":3,"minecraft:wooden_axe":22,"minecraft:bread":2,"minecraft:light_gray_concrete":4,"minecraft:iron_axe":38,"minecraft:iron_pickaxe":199,"tombstone:grave_key":25,"minecraft:spruce_sapling":2,"minecraft:stone_axe":51,"minecraft:wooden_sword":40,"minecraft:furnace":3,"minecraft:andesite":15,"tombstone:gift":4,"minecraft:cobbled_deepslate":18},"minecraft:killed_by":{"minecraft:skeleton":1,"minecraft:zombie":1}},"DataVersion":3465}