{"stats":{"minecraft:picked_up":{"minecraft:crafting_table":6,"minecraft:chiseled_quartz_block":2,"minecraft:gray_concrete":1,"minecraft:bone":10,"minecraft:spruce_planks":2,"minecraft:cooked_chicken":11,"minecraft:smooth_quartz":3,"minecraft:coal_block":1,"minecraft:furnace":1,"minecraft:stick":4,"minecraft:sandstone_wall":2,"minecraft:sand":2,"minecraft:spruce_sapling":5,"tombstone:grave_dust":4,"minecraft:spruce_log":21,"tombstone:lollipop":1,"minecraft:light_gray_concrete":20,"minecraft:arrow":5,"minecraft:rotten_flesh":3,"minecraft:coal":5,"minecraft:snowball":11,"minecraft:cobblestone":19},"minecraft:killed":{"minecraft:skeleton":7,"minecraft:zombie":8},"minecraft:custom":{"minecraft:interact_with_furnace":3,"minecraft:mob_kills":15,"minecraft:interact_with_crafting_table":7,"minecraft:leave_game":2,"minecraft:time_since_death":11188,"minecraft:climb_one_cm":19472,"minecraft:time_since_rest":9384,"minecraft:sprint_one_cm":43988,"minecraft:damage_taken":1034,"minecraft:walk_one_cm":79574,"minecraft:drop":3,"minecraft:damage_dealt":3499,"minecraft:fly_one_cm":93339,"minecraft:open_chest":11,"minecraft:crouch_one_cm":6847,"minecraft:play_time":30654,"tombstone:undead_killed":15,"minecraft:deaths":2,"minecraft:sneak_time":2860,"minecraft:walk_under_water_one_cm":801,"minecraft:jump":486,"minecraft:walk_on_water_one_cm":519,"minecraft:total_world_time":30654,"minecraft:fall_one_cm":13858},"minecraft:dropped":{"minecraft:crafting_table":1,"minecraft:stick":1,"minecraft:spruce_sapling":3},"minecraft:mined":{"minecraft:spruce_planks":3,"minecraft:gray_concrete":1,"minecraft:chiseled_quartz_block":2,"minecraft:crafting_table":5,"minecraft:coal_block":1,"minecraft:large_fern":1,"minecraft:furnace":1,"minecraft:light_gray_stained_glass":1,"minecraft:iron_ore":2,"minecraft:spruce_log":24,"minecraft:coal_ore":5,"minecraft:light_gray_concrete":22,"minecraft:sand":2,"minecraft:smooth_quartz":3,"minecraft:sandstone_wall":3,"minecraft:stone":19},"minecraft:crafted":{"minecraft:wooden_sword":1,"minecraft:coal":9,"minecraft:crafting_table":1,"minecraft:spruce_planks":84,"minecraft:wooden_pickaxe":1,"minecraft:furnace":1,"minecraft:stone_axe":1,"minecraft:iron_chestplate":1,"minecraft:stick":20,"minecraft:iron_pickaxe":1,"minecraft:stone_pickaxe":1,"minecraft:wooden_axe":1,"minecraft:torch":36},"minecraft:used":{"minecraft:stone_pickaxe":50,"minecraft:wooden_pickaxe":16,"minecraft:stone":23,"minecraft:cooked_chicken":11,"minecraft:torch":15,"minecraft:sand":2,"minecraft:crafting_table":5,"minecraft:chiseled_quartz_block":1,"minecraft:gray_concrete":1,"minecraft:wooden_axe":22,"minecraft:light_gray_concrete":4,"tombstone:grave_key":3,"minecraft:spruce_sapling":2,"minecraft:stone_axe":48,"minecraft:wooden_sword":39,"minecraft:furnace":1,"tombstone:gift":2},"minecraft:killed_by":{"minecraft:skeleton":1}},"DataVersion":3465}