{"stats":{"minecraft:picked_up":{"minecraft:wooden_axe":1,"minecraft:crafting_table":8,"minecraft:chicken":1,"soulsweapons:moonstone":21,"minecraft:string":9,"minecraft:cobbled_deepslate":279,"minecraft:spruce_planks":2,"minecraft:beef":10,"minecraft:smooth_quartz":3,"minecraft:iron_pickaxe":1,"minecraft:coal_block":1,"minecraft:furnace":2,"minecraft:stick":6,"minecraft:raw_iron":54,"minecraft:oak_fence":3,"minecraft:torch":21,"minecraft:sandstone_wall":2,"minecraft:porkchop":13,"tombstone:grave_dust":11,"minecraft:diorite":29,"minecraft:redstone":6,"tombstone:lollipop":2,"minecraft:arrow":10,"minecraft:rotten_flesh":46,"minecraft:iron_bars":2,"minecraft:snowball":11,"minecraft:rail":1,"minecraft:cobblestone":149,"minecraft:feather":1,"minecraft:lilac":1,"minecraft:andesite":18,"minecraft:leather":5,"minecraft:chiseled_quartz_block":2,"minecraft:tuff":18,"minecraft:oak_log":22,"minecraft:blue_bed":1,"minecraft:gray_concrete":1,"minecraft:dirt":8,"minecraft:bone":14,"minecraft:raw_gold":5,"minecraft:iron_ingot":1,"minecraft:cooked_chicken":22,"minecraft:oak_planks":10,"minecraft:gravel":15,"minecraft:sand":3,"minecraft:spruce_sapling":8,"minecraft:ink_sac":3,"minecraft:spruce_log":41,"minecraft:polished_andesite":2,"minecraft:light_gray_concrete":36,"tombstone:familiar_stone":1,"minecraft:polished_diorite":3,"minecraft:diamond":1,"minecraft:granite":6,"soulsweapons:verglas":6,"minecraft:oak_sapling":4,"minecraft:coal":39},"minecraft:killed":{"minecraft:cave_spider":2,"minecraft:skeleton":12,"minecraft:chicken":1,"minecraft:pig":6,"minecraft:zombie_villager":1,"minecraft:salmon":2,"minecraft:zombie":19,"minecraft:cow":4},"minecraft:custom":{"minecraft:mob_kills":48,"minecraft:interact_with_crafting_table":22,"minecraft:leave_game":2,"minecraft:time_since_death":77953,"minecraft:climb_one_cm":19472,"minecraft:sprint_one_cm":204898,"minecraft:walk_one_cm":344030,"minecraft:damage_blocked_by_shield":600,"minecraft:drop":40,"tombstone:eaten_lollipop":2,"minecraft:talked_to_villager":8,"minecraft:play_time":138654,"minecraft:deaths":4,"minecraft:sneak_time":11572,"minecraft:walk_under_water_one_cm":22060,"minecraft:jump":2116,"minecraft:walk_on_water_one_cm":16999,"minecraft:total_world_time":138654,"minecraft:interact_with_furnace":13,"minecraft:sleep_in_bed":1,"minecraft:time_since_rest":18102,"minecraft:damage_taken":3098,"minecraft:damage_absorbed":120,"minecraft:damage_dealt":9234,"minecraft:fly_one_cm":246982,"minecraft:open_chest":18,"minecraft:crouch_one_cm":24865,"tombstone:undead_killed":32,"minecraft:fall_one_cm":54764},"minecraft:broken":{"minecraft:iron_pickaxe":2},"minecraft:dropped":{"minecraft:iron_ingot":1,"minecraft:crafting_table":1,"minecraft:oak_fence":3,"minecraft:rail":1,"farmersdelight:rice":2,"minecraft:stick":51,"minecraft:diorite":1,"minecraft:torch":3,"minecraft:wooden_axe":2,"minecraft:smooth_quartz":3,"minecraft:snowball":2,"tombstone:grave_dust":9,"minecraft:wooden_sword":1,"minecraft:sand":1,"minecraft:string":6,"minecraft:spruce_sapling":3,"minecraft:gravel":2,"minecraft:polished_diorite":3,"minecraft:chiseled_quartz_block":1,"minecraft:cobbled_deepslate":55,"minecraft:tuff":18,"minecraft:oak_planks":2,"minecraft:light_gray_concrete":32,"minecraft:sandstone_wall":1,"minecraft:filled_map":1,"minecraft:stone":1,"minecraft:iron_bars":2,"minecraft:wooden_pickaxe":1,"minecraft:stone_pickaxe":1},"minecraft:mined":{"minecraft:tuff":15,"minecraft:spruce_planks":3,"minecraft:deepslate_diamond_ore":1,"minecraft:cave_vines_plant":1,"minecraft:granite":5,"minecraft:coal_block":1,"minecraft:polished_diorite":3,"minecraft:large_fern":1,"minecraft:furnace":2,"minecraft:iron_ore":43,"minecraft:cobbled_deepslate":9,"minecraft:andesite":11,"soulsweapons:moonstone_ore_deepslate":21,"minecraft:deepslate_iron_ore":1,"minecraft:light_gray_concrete":22,"minecraft:stone":185,"minecraft:gray_concrete":1,"soulsweapons:verglas_ore_deepslate":1,"minecraft:chiseled_quartz_block":2,"minecraft:crafting_table":7,"soulsweapons:moonstone_ore":1,"minecraft:cobblestone":3,"minecraft:deepslate_gold_ore":2,"minecraft:oak_planks":2,"minecraft:diorite":16,"minecraft:wall_torch":1,"minecraft:blue_bed":2,"minecraft:light_gray_stained_glass":1,"minecraft:lilac":1,"minecraft:spruce_log":34,"minecraft:coal_ore":17,"minecraft:oak_log":14,"minecraft:smooth_quartz":3,"minecraft:sand":13,"minecraft:gravel":10,"minecraft:dirt":8,"minecraft:sandstone_wall":3,"minecraft:cobweb":8,"minecraft:stone_bricks":2,"minecraft:gold_ore":3,"minecraft:oak_leaves":8,"minecraft:deepslate":244,"soulsweapons:verglas_ore":5},"minecraft:crafted":{"minecraft:wooden_sword":1,"minecraft:oak_planks":80,"minecraft:stone_shovel":1,"minecraft:coal":9,"minecraft:furnace":1,"minecraft:flint_and_steel":1,"minecraft:bow":1,"minecraft:iron_axe":1,"minecraft:stone_pickaxe":1,"soulsweapons:bluemoon_greatsword":1,"minecraft:crafting_table":5,"minecraft:spruce_planks":84,"minecraft:wooden_pickaxe":1,"minecraft:stone_axe":1,"minecraft:air":0,"minecraft:iron_chestplate":1,"minecraft:shield":1,"minecraft:stick":120,"minecraft:iron_ingot":12,"minecraft:iron_pickaxe":1,"minecraft:wooden_axe":1,"minecraft:iron_leggings":1,"minecraft:torch":176},"minecraft:used":{"minecraft:stone_shovel":12,"minecraft:shield":9,"minecraft:stone":30,"tombstone:lollipop":2,"minecraft:cooked_chicken":22,"minecraft:rotten_flesh":25,"minecraft:torch":189,"minecraft:snowball":9,"minecraft:wooden_axe":22,"minecraft:iron_axe":64,"minecraft:bow":13,"minecraft:furnace":3,"tombstone:gift":4,"minecraft:cobbled_deepslate":141,"minecraft:diorite":6,"minecraft:stone_pickaxe":123,"minecraft:wooden_pickaxe":16,"minecraft:glow_berries":5,"soulsweapons:bluemoon_greatsword":89,"minecraft:sand":2,"minecraft:crafting_table":12,"minecraft:chiseled_quartz_block":1,"minecraft:gray_concrete":1,"minecraft:oak_log":3,"minecraft:light_gray_concrete":4,"minecraft:bread":6,"minecraft:iron_pickaxe":499,"tombstone:grave_key":25,"minecraft:spruce_sapling":2,"minecraft:stone_axe":51,"minecraft:wooden_sword":40,"minecraft:andesite":15},"minecraft:killed_by":{"minecraft:skeleton":1,"minecraft:zombie":1}},"DataVersion":3465}