{"stats":{"minecraft:picked_up":{"minecraft:stick":2,"minecraft:crafting_table":2,"minecraft:cooked_chicken":3,"minecraft:spruce_sapling":2,"minecraft:spruce_log":10,"minecraft:cobblestone":16},"minecraft:custom":{"minecraft:time_since_rest":1992,"minecraft:sprint_one_cm":4741,"minecraft:play_time":6654,"minecraft:deaths":1,"minecraft:damage_taken":90,"minecraft:walk_one_cm":14887,"minecraft:drop":2,"minecraft:jump":86,"minecraft:damage_dealt":20,"minecraft:leave_game":2,"minecraft:time_since_death":3031,"minecraft:total_world_time":6654,"minecraft:interact_with_crafting_table":4,"minecraft:fall_one_cm":2802,"minecraft:fly_one_cm":6280},"minecraft:dropped":{"minecraft:crafting_table":1,"minecraft:stick":1},"minecraft:crafted":{"minecraft:wooden_sword":1,"minecraft:crafting_table":1,"minecraft:spruce_planks":40,"minecraft:stick":16,"minecraft:wooden_pickaxe":1,"minecraft:wooden_axe":1},"minecraft:mined":{"minecraft:large_fern":1,"minecraft:stone":16,"minecraft:spruce_log":12,"minecraft:crafting_table":1},"minecraft:used":{"minecraft:wooden_axe":8,"minecraft:crafting_table":2,"tombstone:gift":2,"minecraft:wooden_pickaxe":16,"minecraft:spruce_sapling":2}},"DataVersion":3465}