{"stats":{"minecraft:picked_up":{"minecraft:crafting_table":12,"minecraft:redstone_block":2,"soulsweapons:moonstone":19,"minecraft:string":15,"bosses_of_mass_destruction:soul_star":1,"minecraft:cobbled_deepslate":393,"minecraft:spruce_planks":1,"treasure2:ruby":1,"minecraft:beef":9,"minecraft:spruce_slab":1,"minecraft:smooth_quartz":16,"minecraft:light_gray_wool":1,"minecraft:coal_block":5,"minecraft:birch_sapling":3,"minecraft:furnace":5,"minecraft:raw_iron":66,"minecraft:torch":31,"sophisticatedbackpacks:backpack":1,"minecraft:porkchop":4,"tombstone:grave_dust":8,"minecraft:diorite":16,"minecraft:redstone":44,"tombstone:lollipop":3,"minecraft:arrow":15,"minecraft:rotten_flesh":43,"minecraft:beetroot_seeds":1,"farmersdelight:rope":4,"tombstone:essence_of_undeath":1,"minecraft:mutton":22,"minecraft:rail":2,"minecraft:white_wool":10,"minecraft:cobblestone":328,"minecraft:birch_log":21,"minecraft:lilac":1,"minecraft:andesite":62,"minecraft:brown_wool":1,"minecraft:leather":3,"minecraft:chiseled_quartz_block":7,"minecraft:potato":2,"minecraft:flint":1,"minecraft:tuff":108,"minecraft:oak_log":12,"minecraft:gunpowder":3,"minecraft:lapis_lazuli":20,"minecraft:dirt":3,"tombstone:gift":1,"minecraft:bone":21,"minecraft:bow":2,"minecraft:raw_gold":41,"minecraft:iron_ingot":26,"tombstone:bag_of_seeds":1,"soulsweapons:holy_greatsword":1,"minecraft:cooked_porkchop":4,"minecraft:stone_brick_slab":2,"minecraft:gravel":10,"minecraft:white_bed":7,"minecraft:spider_eye":4,"minecraft:bundle":1,"minecraft:light_gray_concrete":35,"minecraft:diamond":15,"minecraft:slime_block":1,"soulsweapons:verglas":9,"minecraft:oak_sapling":1,"minecraft:coal":197},"minecraft:broken":{"minecraft:wooden_pickaxe":1,"minecraft:stone_pickaxe":1,"minecraft:stone_axe":1,"minecraft:iron_pickaxe":4},"minecraft:dropped":{"minecraft:lilac":1,"minecraft:cobblestone":23,"minecraft:rail":2,"minecraft:coal_block":2,"soulsweapons:holy_greatsword":1,"tombstone:bag_of_seeds":1,"minecraft:diorite":11,"tombstone:grave_dust":1,"minecraft:stone_brick_slab":2,"minecraft:bone":7,"minecraft:gravel":9,"minecraft:cobbled_deepslate":108,"minecraft:wheat":4,"minecraft:birch_sapling":3,"tombstone:gift":4,"minecraft:rotten_flesh":12,"minecraft:slime_block":1,"minecraft:gunpowder":1,"minecraft:bundle":1,"minecraft:beetroot_seeds":1,"minecraft:andesite":51},"minecraft:used":{"minecraft:shield":33,"tombstone:lollipop":3,"minecraft:rotten_flesh":31,"minecraft:iron_chestplate":2,"minecraft:torch":141,"minecraft:dirt":2,"farmersdelight:rope":4,"minecraft:iron_axe":59,"minecraft:iron_helmet":1,"minecraft:iron_boots":2,"minecraft:smooth_quartz":1,"minecraft:bow":8,"minecraft:furnace":5,"minecraft:potato":1,"minecraft:cobbled_deepslate":214,"minecraft:iron_leggings":1,"minecraft:cooked_mutton":12,"minecraft:stone_pickaxe":131,"minecraft:wooden_pickaxe":59,"minecraft:glow_berries":4,"minecraft:crafting_table":14,"minecraft:white_bed":8,"soulsweapons:holy_greatsword":175,"minecraft:bread":2,"minecraft:iron_pickaxe":1024,"tombstone:grave_key":2,"minecraft:stone_axe":81,"minecraft:cobblestone":184,"minecraft:cooked_porkchop":4,"immersive_aircraft:gyrodyne":1},"minecraft:mined":{"minecraft:tuff":109,"minecraft:spruce_planks":1,"minecraft:white_bed":7,"minecraft:dark_oak_leaves":4,"minecraft:deepslate_diamond_ore":15,"minecraft:grass_block":1,"treasure2:deepslate_ruby_ore":1,"minecraft:redstone_wire":1,"minecraft:coal_block":3,"minecraft:spawner":1,"minecraft:black_stained_glass_pane":1,"minecraft:furnace":5,"minecraft:iron_ore":66,"minecraft:cobbled_deepslate":19,"minecraft:andesite":47,"minecraft:deepslate_lapis_ore":3,"soulsweapons:moonstone_ore_deepslate":19,"minecraft:cave_vines":1,"farmersdelight:rope":4,"minecraft:rail":1,"minecraft:light_gray_concrete":35,"minecraft:stone":286,"minecraft:spruce_slab":1,"minecraft:tripwire":4,"minecraft:deepslate_redstone_ore":10,"minecraft:redstone_block":2,"soulsweapons:verglas_ore_deepslate":3,"minecraft:stone_brick_slab":1,"minecraft:chiseled_quartz_block":7,"minecraft:crafting_table":12,"minecraft:torch":22,"minecraft:tall_grass":2,"minecraft:cobblestone":35,"minecraft:deepslate_gold_ore":35,"minecraft:diorite":17,"minecraft:wall_torch":9,"farmersdelight:wild_beetroots":1,"farmersdelight:sandy_shrub":1,"minecraft:light_gray_stained_glass":2,"minecraft:birch_log":22,"minecraft:lilac":1,"minecraft:birch_leaves":1,"minecraft:stone_brick_stairs":2,"minecraft:grass":3,"minecraft:oak_log":12,"minecraft:coal_ore":82,"minecraft:gravel":10,"minecraft:dirt":2,"minecraft:smooth_quartz":21,"minecraft:cobweb":4,"minecraft:gold_ore":6,"minecraft:oak_leaves":5,"minecraft:deepslate":370,"soulsweapons:verglas_ore":6},"minecraft:crafted":{"immersive_aircraft:sail":2,"minecraft:furnace":1,"soulsweapons:holy_greatsword":1,"minecraft:white_carpet":12,"minecraft:cooked_mutton":12,"minecraft:bow":1,"minecraft:iron_boots":1,"minecraft:iron_axe":1,"immersive_aircraft:hull":2,"minecraft:stone_pickaxe":1,"minecraft:redstone_block":13,"minecraft:coal_block":5,"minecraft:crafting_table":2,"minecraft:wooden_pickaxe":1,"minecraft:iron_helmet":1,"minecraft:iron_sword":1,"minecraft:birch_planks":84,"minecraft:stone_axe":1,"immersive_aircraft:propeller":1,"minecraft:air":0,"minecraft:white_wool":1,"immersive_aircraft:gyrodyne":1,"minecraft:iron_chestplate":1,"minecraft:shield":1,"minecraft:stick":60,"minecraft:iron_ingot":40,"minecraft:iron_pickaxe":5,"minecraft:iron_leggings":1,"minecraft:white_bed":1,"minecraft:torch":100},"minecraft:killed":{"minecraft:spider":9,"minecraft:skeleton":26,"minecraft:pig":3,"minecraft:creeper":3,"minecraft:sheep":14,"minecraft:zombie":27,"minecraft:cow":4},"minecraft:custom":{"minecraft:mob_kills":88,"minecraft:interact_with_crafting_table":41,"minecraft:leave_game":1,"minecraft:time_since_death":17325,"minecraft:climb_one_cm":2306,"minecraft:sprint_one_cm":599375,"minecraft:walk_one_cm":222163,"minecraft:damage_blocked_by_shield":1875,"minecraft:drop":46,"tombstone:eaten_lollipop":3,"minecraft:play_time":200426,"minecraft:deaths":3,"minecraft:sneak_time":23370,"minecraft:walk_under_water_one_cm":1235,"minecraft:jump":1532,"minecraft:walk_on_water_one_cm":14984,"minecraft:total_world_time":200426,"minecraft:interact_with_furnace":27,"minecraft:sleep_in_bed":10,"minecraft:time_since_rest":268,"minecraft:damage_taken":3468,"minecraft:damage_dealt":15005,"minecraft:swim_one_cm":23460,"minecraft:fly_one_cm":227304,"minecraft:open_chest":21,"minecraft:crouch_one_cm":29484,"tombstone:undead_killed":53,"minecraft:fall_one_cm":42576,"minecraft:inspect_dispenser":4}},"DataVersion":3465}