{"stats":{"minecraft:mined":{"minecraft:dark_oak_planks":78,"minecraft:dark_prismarine_stairs":5,"minecraft:spruce_planks":13,"minecraft:white_bed":15,"minecraft:black_terracotta":40,"minecraft:cobblestone_stairs":1,"minecraft:potted_cactus":1,"minecraft:brewing_stand":1,"minecraft:obsidian":7,"treasure2:gravestone3_smooth_quartz":1,"minecraft:spruce_trapdoor":3,"minecraft:cave_vines_plant":2,"minecraft:grass_block":139,"minecraft:coal_block":3,"minecraft:mud_bricks":254,"minecraft:mud_brick_wall":11,"minecraft:composter":4,"minecraft:hopper":1,"minecraft:spawner":20,"minecraft:raw_iron_block":1,"minecraft:dark_oak_trapdoor":12,"minecraft:iron_ore":37,"minecraft:fire":5,"minecraft:cobbled_deepslate":19,"minecraft:deepslate_lapis_ore":7,"minecraft:stripped_dark_oak_wood":1,"minecraft:nether_brick_stairs":1,"minecraft:enchanting_table":1,"minecraft:dark_oak_stairs":8,"minecraft:cave_vines":2,"minecraft:stripped_mangrove_wood":5,"minecraft:player_head":1,"minecraft:spruce_slab":14,"minecraft:waxed_cut_copper":11,"minecraft:waxed_cut_copper_stairs":2,"minecraft:deepslate_redstone_ore":6,"minecraft:brown_mushroom":13,"minecraft:red_bed":1,"minecraft:blackstone":4,"soulsweapons:verglas_ore_deepslate":3,"minecraft:kelp_plant":1,"minecraft:amethyst_cluster":4,"minecraft:clay":3,"minecraft:torch":4,"minecraft:blast_furnace":1,"minecraft:calcite":18,"minecraft:mushroom_stem":45,"minecraft:nether_quartz_ore":2,"minecraft:cobblestone":25,"minecraft:oak_planks":7,"minecraft:wall_torch":3,"minecraft:amethyst_block":6,"minecraft:nether_wart_block":5,"minecraft:birch_log":13,"minecraft:jukebox":1,"minecraft:grass":10,"minecraft:oak_log":90,"minecraft:dirt":204,"minecraft:sand":12,"treasure2:deepslate_sapphire_ore":1,"minecraft:smooth_basalt":14,"minecraft:netherrack":216,"minecraft:oak_leaves":7,"minecraft:deepslate":793,"soulsweapons:verglas_ore":2,"minecraft:dark_prismarine":20,"minecraft:tuff":58,"minecraft:deepslate_diamond_ore":32,"minecraft:nether_brick_wall":1,"minecraft:stripped_birch_log":3,"minecraft:nether_bricks":3,"minecraft:lever":3,"minecraft:ladder":1,"minecraft:dark_oak_fence":4,"treasure2:deepslate_ruby_ore":1,"minecraft:red_mushroom":3,"minecraft:moss_block":7,"minecraft:hay_block":24,"minecraft:oak_trapdoor":4,"minecraft:waxed_oxidized_cut_copper":21,"minecraft:packed_mud":70,"minecraft:furnace":6,"minecraft:acacia_trapdoor":1,"minecraft:raw_gold_block":3,"treasure2:gravestone1_polished_granite":1,"minecraft:gold_block":1,"minecraft:nether_brick_fence":2,"soulsweapons:moonstone_ore_deepslate":5,"minecraft:bookshelf":51,"minecraft:deepslate_iron_ore":4,"minecraft:rail":1,"minecraft:stone":174,"minecraft:mud_brick_slab":1,"minecraft:oak_slab":4,"minecraft:scaffolding":4,"minecraft:mangrove_stairs":1,"minecraft:warped_fence":4,"minecraft:crafting_table":14,"minecraft:cornflower":1,"treasure2:gravestone1_spawner_stone":1,"minecraft:rose_bush":4,"minecraft:sculk_sensor":1,"minecraft:lectern":2,"minecraft:lightning_rod":2,"minecraft:copper_ore":4,"minecraft:deepslate_coal_ore":1,"minecraft:lapis_ore":4,"minecraft:deepslate_gold_ore":16,"minecraft:sculk":1,"minecraft:diorite":9,"minecraft:orange_carpet":1,"minecraft:spruce_stairs":2,"minecraft:birch_planks":7,"minecraft:birch_leaves":1,"minecraft:mangrove_planks":1,"minecraft:dark_prismarine_slab":8,"minecraft:red_sandstone_wall":2,"minecraft:coal_ore":72,"minecraft:ochre_froglight":2,"minecraft:end_rod":2,"minecraft:gravel":71,"minecraft:cobweb":51,"minecraft:stripped_acacia_wood":2,"minecraft:small_dripleaf":1,"minecraft:gold_ore":1,"minecraft:waxed_exposed_cut_copper":12,"minecraft:iron_trapdoor":1},"minecraft:dropped":{"minecraft:nether_brick_stairs":1,"minecraft:spruce_sign":1,"minecraft:moss_block":1,"minecraft:brown_mushroom":12,"minecraft:dark_oak_stairs":1,"soulsweapons:chungus_emerald":1,"minecraft:glow_ink_sac":4,"minecraft:diamond":7,"minecraft:mangrove_planks":1,"minecraft:rail":2,"minecraft:red_mushroom":3,"minecraft:emerald":3,"minecraft:dirt":99,"minecraft:dark_oak_trapdoor":2,"minecraft:sand":1,"minecraft:iron_pickaxe":1,"minecraft:light_blue_banner":1,"minecraft:bone":9,"minecraft:gravel":18,"minecraft:blackstone":4,"minecraft:cobbled_deepslate":279,"minecraft:wheat":1,"tombstone:gift":1,"minecraft:black_terracotta":13,"minecraft:rotten_flesh":8,"minecraft:oak_planks":38,"minecraft:white_bed":1,"minecraft:carrot":1,"minecraft:gunpowder":4,"farmersdelight:rope":4,"minecraft:arrow":5,"minecraft:netherrack":62,"farmersdelight:tomato_seeds":2,"minecraft:golden_boots":1,"minecraft:bread":1,"minecraft:oak_slab":1,"farmersdelight:skillet":1,"minecraft:dark_prismarine_slab":1,"minecraft:oak_fence":1,"minecraft:cobblestone":13,"minecraft:copper_ingot":8,"minecraft:stick":3,"minecraft:diorite":8,"minecraft:wooden_axe":1,"minecraft:nether_wart_block":2,"minecraft:mud_brick_stairs":1,"tombstone:grave_dust":8,"minecraft:iron_leggings":2,"minecraft:flowering_azalea":1,"minecraft:redstone":1,"minecraft:oak_trapdoor":1,"minecraft:bowl":4,"minecraft:tuff":54,"minecraft:composter":1,"minecraft:clay_ball":12,"minecraft:iron_boots":1,"minecraft:stripped_acacia_wood":1,"minecraft:waxed_exposed_cut_copper":2,"minecraft:diamond_sword":1,"minecraft:sea_pickle":3,"minecraft:spruce_planks":2,"minecraft:bundle":1,"minecraft:oak_sapling":16,"minecraft:waxed_oxidized_cut_copper":2,"minecraft:spider_eye":5,"tombstone:essence_of_undeath":1,"minecraft:wooden_pickaxe":1,"minecraft:calcite":8,"minecraft:dark_prismarine":6},"minecraft:killed_by":{"minecraft:wither_skeleton":1,"minecraft:ravager":2,"minecraft:zombie":6,"bosses_of_mass_destruction:void_blossom":2,"minecraft:skeleton":7},"minecraft:picked_up":{"minecraft:redstone_block":1,"minecraft:creeper_head":1,"minecraft:diamond_sword":1,"soulsweapons:moonstone":5,"minecraft:enchanted_book":1,"minecraft:brewing_stand":1,"minecraft:string":46,"minecraft:dark_oak_trapdoor":11,"minecraft:raw_copper":18,"minecraft:iron_leggings":1,"minecraft:sea_pickle":3,"minecraft:cobbled_deepslate":537,"bosses_of_mass_destruction:soul_star":1,"minecraft:spruce_planks":5,"minecraft:waxed_exposed_cut_copper":12,"minecraft:rose_bush":2,"minecraft:calcite":10,"minecraft:smooth_quartz":1,"minecraft:iron_pickaxe":1,"minecraft:coal_block":3,"minecraft:furnace":6,"minecraft:iron_boots":1,"minecraft:stick":12,"minecraft:jukebox":1,"minecraft:composter":1,"minecraft:oak_fence":1,"minecraft:torch":31,"minecraft:spruce_stairs":2,"tombstone:grave_dust":15,"minecraft:diorite":8,"minecraft:waxed_cut_copper_stairs":2,"minecraft:rotten_flesh":82,"farmersdelight:rope":10,"minecraft:end_rod":2,"minecraft:waxed_cut_copper":5,"minecraft:blaze_rod":4,"minecraft:obsidian":7,"minecraft:cobblestone":183,"minecraft:birch_log":13,"minecraft:enchanting_table":1,"minecraft:golden_leggings":1,"minecraft:mud_brick_stairs":1,"minecraft:potato":1,"minecraft:flint":1,"minecraft:tuff":57,"minecraft:lapis_lazuli":70,"minecraft:stripped_birch_log":3,"minecraft:dirt":393,"minecraft:bone":21,"minecraft:bow":1,"minecraft:wheat_seeds":2,"minecraft:raw_gold":14,"minecraft:diamond_helmet":1,"minecraft:moss_block":1,"minecraft:oak_planks":62,"minecraft:black_terracotta":19,"minecraft:stripped_acacia_wood":2,"minecraft:sand":12,"minecraft:nether_brick_stairs":1,"minecraft:dark_prismarine":18,"minecraft:bundle":1,"minecraft:dark_prismarine_slab":2,"minecraft:diamond":57,"minecraft:lever":1,"waystones:waystone":14,"minecraft:polished_blackstone_button":1,"treasure2:sapphire":1,"minecraft:golden_apple":2,"soulsweapons:verglas":5,"minecraft:spruce_sign":1,"minecraft:emerald":9,"minecraft:bread":135,"minecraft:oak_sapling":98,"minecraft:netherrack":238,"minecraft:dark_oak_fence":4,"soulsweapons:chungus_emerald":1,"minecraft:crafting_table":13,"minecraft:waxed_oxidized_cut_copper":5,"minecraft:ladder":1,"minecraft:clay_ball":12,"minecraft:chest_minecart":1,"minecraft:brown_mushroom":12,"minecraft:gold_block":1,"immersive_aircraft:biplane":8,"minecraft:oak_trapdoor":5,"minecraft:red_bed":1,"minecraft:iron_axe":1,"minecraft:blackstone":4,"minecraft:warped_fence":1,"minecraft:cyan_carpet":1,"treasure2:ruby":1,"minecraft:beef":14,"minecraft:oak_boat":18,"minecraft:player_head":1,"minecraft:spruce_slab":8,"minecraft:lectern":2,"minecraft:spruce_trapdoor":2,"minecraft:raw_iron":41,"minecraft:stripped_mangrove_wood":3,"minecraft:raw_gold_block":3,"farmersdelight:tomato_seeds":4,"minecraft:carrot":3,"minecraft:redstone":36,"minecraft:dark_oak_planks":58,"minecraft:arrow":27,"minecraft:pumpkin_pie":1,"minecraft:beetroot_seeds":4,"minecraft:nether_bricks":3,"minecraft:hay_block":24,"minecraft:stripped_dark_oak_wood":1,"tombstone:essence_of_undeath":3,"minecraft:saddle":1,"minecraft:gold_ingot":38,"minecraft:glow_berries":11,"minecraft:mutton":5,"minecraft:rail":14,"minecraft:white_wool":3,"minecraft:mud_bricks":198,"minecraft:glow_ink_sac":4,"minecraft:leather":8,"minecraft:red_mushroom":3,"minecraft:ochre_froglight":2,"minecraft:birch_planks":6,"minecraft:packed_mud":61,"minecraft:mushroom_stew":1,"minecraft:oak_log":88,"minecraft:nether_wart_block":7,"minecraft:golden_boots":2,"minecraft:gunpowder":14,"farmersdelight:skillet":2,"tombstone:gift":1,"minecraft:light_blue_banner":1,"minecraft:apple":4,"minecraft:gray_carpet":2,"minecraft:kelp":2,"minecraft:iron_ingot":6,"tombstone:bag_of_seeds":1,"minecraft:mangrove_planks":1,"minecraft:flowering_azalea":1,"minecraft:dark_oak_stairs":3,"minecraft:book":150,"minecraft:scaffolding":1,"minecraft:oak_slab":3,"minecraft:quartz":2,"minecraft:raw_iron_block":1,"minecraft:gravel":96,"minecraft:amethyst_shard":16,"minecraft:mud_brick_wall":6,"minecraft:white_bed":16,"minecraft:spider_eye":6,"tombstone:magic_scroll":1,"minecraft:coal":78,"minecraft:hopper":1,"minecraft:ender_pearl":1},"minecraft:killed":{"minecraft:cave_spider":15,"minecraft:spider":3,"minecraft:skeleton":27,"soulsweapons:evil_forlorn":3,"minecraft:magma_cube":9,"minecraft:piglin":4,"minecraft:zombie_villager":2,"minecraft:iron_golem":1,"minecraft:creeper":11,"minecraft:sheep":3,"minecraft:zombie":83,"minecraft:blaze":6,"minecraft:cow":6,"treasure2:bound_soul":1,"minecraft:husk":22,"minecraft:ravager":10,"minecraft:wither_skeleton":3,"minecraft:enderman":1},"minecraft:used":{"minecraft:waxed_exposed_cut_copper":5,"minecraft:iron_shovel":110,"minecraft:chest":1,"minecraft:shield":136,"minecraft:player_head":1,"minecraft:rotten_flesh":40,"minecraft:carrot":4,"minecraft:lava_bucket":5,"minecraft:packed_mud":46,"minecraft:iron_helmet":1,"minecraft:bow":10,"minecraft:hay_block":1,"minecraft:oak_sapling":5,"minecraft:furnace":5,"immersive_aircraft:biplane":8,"minecraft:golden_boots":1,"minecraft:end_rod":2,"minecraft:diamond_boots":2,"minecraft:stone_pickaxe":131,"minecraft:oak_planks":3,"minecraft:wooden_pickaxe":14,"minecraft:diamond_axe":400,"minecraft:golden_apple":21,"minecraft:glow_berries":16,"minecraft:dark_oak_trapdoor":1,"minecraft:sand":10,"minecraft:mushroom_stew":4,"minecraft:crossbow":27,"minecraft:ochre_froglight":2,"minecraft:black_terracotta":8,"waystones:waystone":13,"minecraft:lever":1,"minecraft:bread":72,"minecraft:lectern":2,"minecraft:gravel":47,"minecraft:nether_wart_block":4,"minecraft:diamond_sword":211,"minecraft:oak_boat":18,"minecraft:oak_trapdoor":5,"minecraft:enchanting_table":2,"minecraft:stone_sword":54,"minecraft:netherrack":58,"minecraft:brewing_stand":1,"minecraft:torch":85,"minecraft:dirt":293,"minecraft:spruce_stairs":2,"minecraft:dark_oak_planks":48,"minecraft:wooden_axe":1,"minecraft:bookshelf":26,"minecraft:waxed_cut_copper":3,"minecraft:iron_axe":285,"minecraft:iron_boots":2,"minecraft:smooth_quartz":1,"minecraft:mud_bricks":200,"minecraft:diamond_chestplate":1,"tombstone:gift":5,"minecraft:cooked_beef":10,"minecraft:cobbled_deepslate":231,"minecraft:iron_leggings":1,"minecraft:calcite":2,"minecraft:cooked_mutton":8,"minecraft:water_bucket":14,"minecraft:birch_planks":37,"minecraft:dark_prismarine_slab":1,"minecraft:oak_slab":4,"minecraft:red_bed":1,"minecraft:crafting_table":24,"minecraft:white_bed":19,"minecraft:cake":1,"minecraft:dark_prismarine":6,"minecraft:diamond_pickaxe":722,"minecraft:apple":13,"minecraft:iron_pickaxe":1249,"minecraft:spruce_trapdoor":2,"minecraft:stone_axe":103,"minecraft:cobblestone":195,"minecraft:mud_brick_wall":3,"minecraft:bucket":20,"minecraft:polished_blackstone_button":1,"minecraft:diamond_leggings":1,"minecraft:splash_potion":9},"minecraft:crafted":{"immersive_aircraft:engine":1,"minecraft:oak_planks":260,"minecraft:smooth_stone":3,"minecraft:stone":3,"minecraft:bookshelf":26,"minecraft:cooked_mutton":8,"minecraft:diamond_helmet":1,"minecraft:diamond_leggings":1,"minecraft:iron_boots":1,"immersive_aircraft:hull":3,"minecraft:chest":2,"minecraft:oak_slab":6,"sophisticatedbackpacks:backpack":1,"minecraft:diamond_axe":1,"minecraft:crafting_table":11,"minecraft:iron_helmet":1,"minecraft:wooden_pickaxe":1,"minecraft:copper_ingot":15,"minecraft:gold_block":6,"minecraft:birch_planks":64,"immersive_aircraft:propeller":1,"minecraft:diamond_pickaxe":1,"minecraft:shield":4,"sophisticatedbackpacks:diamond_backpack":1,"minecraft:stick":44,"minecraft:iron_ingot":49,"minecraft:iron_pickaxe":5,"minecraft:stone_sword":1,"minecraft:gold_ingot":18,"minecraft:netherite_ingot":2,"minecraft:raw_iron":9,"minecraft:coal":9,"minecraft:golden_chestplate":1,"minecraft:furnace":1,"minecraft:blast_furnace":1,"immersive_aircraft:biplane":1,"minecraft:piston":2,"minecraft:diamond_block":6,"minecraft:oak_trapdoor":2,"minecraft:flint_and_steel":1,"minecraft:diamond":18,"minecraft:iron_axe":2,"minecraft:stone_pickaxe":1,"minecraft:diamond_boots":2,"minecraft:redstone_block":6,"minecraft:wheat":207,"sophisticatedbackpacks:iron_backpack":1,"minecraft:cooked_beef":10,"immersive_aircraft:boiler":1,"minecraft:enchanting_table":1,"sophisticatedbackpacks:gold_backpack":1,"minecraft:mangrove_planks":4,"minecraft:bucket":1,"minecraft:stone_axe":1,"minecraft:bread":70,"minecraft:air":0,"minecraft:oak_boat":1,"minecraft:white_wool":9,"minecraft:raw_gold":9,"minecraft:wooden_axe":1,"minecraft:iron_shovel":1,"minecraft:iron_leggings":1,"minecraft:white_bed":4,"minecraft:torch":60,"minecraft:lapis_block":7,"minecraft:diamond_chestplate":1},"minecraft:broken":{"minecraft:diamond_helmet":1,"minecraft:stone_pickaxe":1,"minecraft:diamond_boots":1,"minecraft:stone_axe":1,"minecraft:bow":1,"minecraft:golden_chestplate":1,"minecraft:shield":3,"minecraft:iron_axe":3,"minecraft:iron_pickaxe":5,"minecraft:iron_helmet":1},"minecraft:custom":{"minecraft:interact_with_crafting_table":94,"minecraft:open_barrel":24,"minecraft:eat_cake_slice":9,"minecraft:leave_game":16,"minecraft:time_since_death":9738,"minecraft:sprint_one_cm":1184780,"minecraft:damage_blocked_by_shield":10800,"minecraft:drop":148,"minecraft:talked_to_villager":10,"minecraft:play_time":507482,"minecraft:deaths":22,"minecraft:jump":4329,"minecraft:interact_with_brewingstand":1,"minecraft:walk_on_water_one_cm":29751,"minecraft:interact_with_furnace":48,"minecraft:sleep_in_bed":23,"minecraft:waystone_activated":16,"minecraft:damage_dealt":41027,"minecraft:player_kills":1,"minecraft:crouch_one_cm":77548,"tombstone:undead_killed":138,"minecraft:inspect_dispenser":9,"minecraft:interact_with_smithing_table":1,"minecraft:mob_kills":224,"minecraft:inspect_hopper":3,"minecraft:climb_one_cm":2822,"minecraft:walk_one_cm":767758,"minecraft:sneak_time":58363,"minecraft:walk_under_water_one_cm":5550,"minecraft:boat_one_cm":315104,"minecraft:interact_with_blast_furnace":4,"minecraft:total_world_time":507482,"tombstone:raider_killed":10,"minecraft:time_since_rest":7898,"minecraft:damage_taken":14210,"minecraft:damage_absorbed":626,"minecraft:swim_one_cm":16706,"minecraft:fly_one_cm":849783,"minecraft:open_chest":75,"minecraft:fall_one_cm":102763}},"DataVersion":3465}