{"stats":{"minecraft:picked_up":{"minecraft:birch_log":21,"minecraft:crafting_table":2,"minecraft:lilac":1,"minecraft:brown_wool":1,"minecraft:gravel":6,"minecraft:porkchop":4,"minecraft:flint":1,"minecraft:dirt":2,"minecraft:light_gray_wool":1,"minecraft:mutton":12,"minecraft:birch_sapling":3,"minecraft:coal":10,"minecraft:white_wool":5,"minecraft:cobblestone":45},"minecraft:mined":{"minecraft:birch_log":22,"minecraft:lilac":1,"minecraft:birch_leaves":1,"minecraft:crafting_table":2,"minecraft:grass_block":1,"minecraft:coal_ore":10,"minecraft:gravel":7,"minecraft:dirt":1,"minecraft:stone":45},"minecraft:used":{"minecraft:cooked_mutton":2,"minecraft:stone_pickaxe":6,"minecraft:wooden_pickaxe":50,"minecraft:stone_axe":37,"minecraft:dirt":2,"minecraft:crafting_table":4,"minecraft:furnace":1,"minecraft:white_bed":1},"minecraft:crafted":{"minecraft:crafting_table":2,"minecraft:stick":12,"minecraft:wooden_pickaxe":1,"minecraft:stone_pickaxe":1,"minecraft:furnace":1,"minecraft:white_bed":1,"minecraft:torch":24,"minecraft:birch_planks":44,"minecraft:stone_axe":1,"minecraft:cooked_mutton":2},"minecraft:killed":{"minecraft:sheep":7,"minecraft:pig":3},"minecraft:custom":{"minecraft:time_since_rest":1600,"minecraft:interact_with_furnace":4,"minecraft:sprint_one_cm":38082,"minecraft:damage_taken":40,"minecraft:walk_one_cm":21468,"minecraft:mob_kills":10,"minecraft:damage_dealt":859,"minecraft:swim_one_cm":2903,"minecraft:interact_with_crafting_table":4,"minecraft:fly_one_cm":15254,"minecraft:crouch_one_cm":419,"minecraft:play_time":10070,"minecraft:sneak_time":256,"minecraft:jump":92,"minecraft:time_since_death":10070,"minecraft:walk_on_water_one_cm":506,"minecraft:sleep_in_bed":1,"minecraft:total_world_time":10070,"minecraft:fall_one_cm":2369}},"DataVersion":3465}