{"stats":{"minecraft:picked_up":{"minecraft:crafting_table":8,"minecraft:redstone_block":2,"minecraft:wooden_pickaxe":3,"soulsweapons:moonstone":7,"minecraft:string":66,"minecraft:cobbled_deepslate":174,"minecraft:spruce_planks":6,"minecraft:smooth_quartz":6,"minecraft:spruce_slab":1,"minecraft:coal_block":4,"minecraft:furnace":1,"minecraft:stick":54,"minecraft:raw_iron":13,"minecraft:stone":1,"minecraft:torch":8,"minecraft:sandstone_wall":1,"tombstone:grave_dust":6,"minecraft:diorite":6,"minecraft:redstone":4,"tombstone:lollipop":1,"minecraft:arrow":23,"minecraft:rotten_flesh":23,"tombstone:essence_of_undeath":1,"minecraft:white_wool":2,"minecraft:rail":3,"minecraft:skeleton_skull":2,"minecraft:cobblestone":102,"minecraft:andesite":10,"minecraft:chiseled_quartz_block":2,"minecraft:filled_map":1,"minecraft:oak_log":6,"minecraft:lapis_lazuli":4,"minecraft:dirt":8,"tombstone:gift":1,"minecraft:bone":5,"minecraft:raw_gold":6,"minecraft:cooked_chicken":67,"minecraft:stone_pickaxe":1,"minecraft:oak_planks":2,"minecraft:raw_iron_block":1,"minecraft:sand":3,"minecraft:spruce_sapling":7,"minecraft:spruce_log":17,"minecraft:light_gray_concrete":3,"minecraft:dispenser":1,"minecraft:diamond":15,"minecraft:lever":1,"soulsweapons:verglas":1,"tombstone:magic_scroll":2,"minecraft:oak_sapling":4,"minecraft:coal":36},"minecraft:killed":{"minecraft:cave_spider":4,"minecraft:witch":1,"minecraft:spider":1,"minecraft:skeleton":14,"minecraft:drowned":1,"minecraft:creeper":3,"minecraft:sheep":2,"minecraft:zombie":22},"minecraft:custom":{"minecraft:mob_kills":49,"minecraft:interact_with_crafting_table":13,"minecraft:leave_game":4,"minecraft:time_since_death":22963,"minecraft:climb_one_cm":17499,"minecraft:damage_resisted":176,"minecraft:sprint_one_cm":430134,"minecraft:walk_one_cm":200127,"minecraft:damage_blocked_by_shield":735,"minecraft:drop":94,"tombstone:eaten_lollipop":1,"minecraft:play_time":116441,"minecraft:deaths":5,"minecraft:sneak_time":6987,"minecraft:walk_under_water_one_cm":11964,"minecraft:jump":1477,"minecraft:walk_on_water_one_cm":8096,"minecraft:total_world_time":116441,"minecraft:interact_with_furnace":7,"tombstone:raider_killed":1,"minecraft:time_since_rest":21707,"minecraft:damage_taken":2382,"minecraft:damage_absorbed":80,"minecraft:damage_dealt":7981,"minecraft:swim_one_cm":32420,"minecraft:fly_one_cm":254618,"minecraft:open_chest":11,"minecraft:crouch_one_cm":9090,"tombstone:undead_killed":37,"minecraft:fall_one_cm":30965},"minecraft:broken":{"minecraft:stone_pickaxe":2,"minecraft:wooden_axe":1},"minecraft:dropped":{"minecraft:bread":1,"minecraft:crafting_table":1,"minecraft:coal":19,"minecraft:stick":4,"minecraft:dirt":8,"minecraft:diorite":2,"minecraft:torch":16,"minecraft:smooth_quartz":6,"minecraft:string":4,"minecraft:spruce_sapling":7,"minecraft:bone":2,"minecraft:redstone":4,"minecraft:lever":1,"minecraft:cooked_chicken":93,"minecraft:chiseled_quartz_block":1,"minecraft:cobbled_deepslate":46,"minecraft:raw_iron":3,"tombstone:gift":2,"minecraft:rotten_flesh":29,"minecraft:filled_map":1,"minecraft:sandstone_wall":1,"minecraft:spruce_planks":3,"minecraft:andesite":10,"minecraft:oak_sapling":4,"minecraft:wooden_pickaxe":3,"minecraft:stone_pickaxe":2},"minecraft:crafted":{"minecraft:oak_planks":24,"minecraft:coal":36,"minecraft:furnace":1,"minecraft:stone_pickaxe":3,"soulsweapons:bluemoon_greatsword":1,"minecraft:crafting_table":3,"minecraft:spruce_planks":68,"minecraft:wooden_pickaxe":1,"minecraft:stone_axe":1,"minecraft:white_wool":16,"minecraft:iron_chestplate":1,"minecraft:shield":1,"minecraft:stick":24,"minecraft:iron_ingot":8,"minecraft:iron_pickaxe":1,"minecraft:wooden_axe":1,"minecraft:torch":60},"minecraft:mined":{"minecraft:tuff":5,"minecraft:spruce_planks":5,"minecraft:deepslate_diamond_ore":15,"minecraft:granite":1,"minecraft:redstone_wire":2,"minecraft:coal_block":4,"minecraft:polished_diorite":4,"minecraft:spruce_leaves":5,"minecraft:spawner":5,"minecraft:raw_iron_block":1,"minecraft:furnace":1,"minecraft:iron_ore":9,"minecraft:cobbled_deepslate":11,"minecraft:andesite":18,"minecraft:deepslate_lapis_ore":1,"soulsweapons:moonstone_ore_deepslate":8,"minecraft:deepslate_iron_ore":1,"minecraft:rail":3,"minecraft:iron_bars":2,"minecraft:light_gray_concrete":3,"minecraft:stone":85,"minecraft:spruce_slab":1,"minecraft:tripwire":1,"minecraft:redstone_block":2,"soulsweapons:verglas_ore_deepslate":1,"minecraft:polished_granite":1,"minecraft:chiseled_quartz_block":1,"minecraft:crafting_table":8,"minecraft:torch":1,"minecraft:cobblestone":10,"minecraft:deepslate_gold_ore":6,"minecraft:diorite":20,"minecraft:wall_torch":2,"minecraft:spruce_log":15,"minecraft:oak_log":10,"minecraft:coal_ore":11,"minecraft:dirt":8,"minecraft:gravel":5,"minecraft:sand":4,"minecraft:smooth_quartz":2,"minecraft:cobweb":63,"minecraft:dispenser":1,"minecraft:polished_andesite":2,"minecraft:deepslate":169},"minecraft:used":{"minecraft:spruce_slab":1,"minecraft:spruce_planks":45,"minecraft:shield":8,"minecraft:stone":1,"tombstone:lollipop":1,"minecraft:cooked_chicken":31,"minecraft:iron_chestplate":1,"minecraft:torch":58,"minecraft:wooden_axe":44,"minecraft:furnace":1,"tombstone:gift":2,"minecraft:cobbled_deepslate":110,"minecraft:diorite":4,"minecraft:stone_pickaxe":264,"minecraft:wooden_pickaxe":14,"minecraft:golden_apple":2,"soulsweapons:bluemoon_greatsword":138,"minecraft:sand":3,"minecraft:crafting_table":8,"minecraft:iron_pickaxe":136,"tombstone:grave_key":19,"minecraft:stone_axe":56,"minecraft:cobblestone":30},"minecraft:killed_by":{"minecraft:creeper":2,"minecraft:zombie":1}},"DataVersion":3465}