{"stats":{"minecraft:mined":{"minecraft:tuff":58,"minecraft:white_bed":8,"minecraft:spruce_planks":3,"minecraft:deepslate_diamond_ore":32,"minecraft:stripped_birch_log":3,"minecraft:cave_vines_plant":2,"minecraft:spruce_trapdoor":3,"minecraft:grass_block":8,"treasure2:deepslate_ruby_ore":1,"minecraft:coal_block":1,"minecraft:moss_block":3,"minecraft:spawner":1,"minecraft:raw_iron_block":1,"minecraft:oak_trapdoor":4,"minecraft:furnace":6,"minecraft:raw_gold_block":1,"minecraft:iron_ore":37,"minecraft:cobbled_deepslate":19,"minecraft:deepslate_lapis_ore":7,"minecraft:gold_block":1,"soulsweapons:moonstone_ore_deepslate":5,"minecraft:bookshelf":1,"minecraft:cave_vines":2,"minecraft:deepslate_iron_ore":4,"minecraft:rail":1,"minecraft:stone":124,"minecraft:player_head":1,"minecraft:deepslate_redstone_ore":6,"minecraft:oak_slab":1,"minecraft:red_bed":1,"minecraft:kelp_plant":1,"soulsweapons:verglas_ore_deepslate":3,"minecraft:amethyst_cluster":4,"minecraft:clay":3,"minecraft:crafting_table":11,"minecraft:torch":1,"minecraft:calcite":8,"minecraft:rose_bush":1,"minecraft:mushroom_stem":45,"minecraft:copper_ore":4,"minecraft:cobblestone":3,"minecraft:deepslate_gold_ore":16,"minecraft:lapis_ore":4,"minecraft:oak_planks":6,"minecraft:diorite":7,"minecraft:wall_torch":1,"minecraft:amethyst_block":6,"minecraft:spruce_stairs":2,"minecraft:birch_planks":7,"minecraft:birch_log":13,"minecraft:birch_leaves":1,"minecraft:grass":3,"minecraft:coal_ore":60,"minecraft:oak_log":38,"minecraft:gravel":26,"minecraft:dirt":17,"treasure2:deepslate_sapphire_ore":1,"minecraft:cobweb":51,"minecraft:smooth_basalt":14,"minecraft:gold_ore":1,"minecraft:oak_leaves":7,"minecraft:deepslate":793,"soulsweapons:verglas_ore":2},"minecraft:dropped":{"farmersdelight:tomato_seeds":2,"minecraft:golden_boots":1,"minecraft:spruce_sign":1,"minecraft:bread":1,"minecraft:oak_slab":1,"minecraft:glow_ink_sac":4,"farmersdelight:skillet":1,"minecraft:cobblestone":13,"minecraft:oak_fence":1,"minecraft:rail":2,"minecraft:stick":3,"minecraft:dirt":18,"minecraft:diorite":7,"minecraft:wooden_axe":1,"tombstone:grave_dust":8,"minecraft:sand":1,"minecraft:iron_pickaxe":1,"minecraft:redstone":1,"minecraft:bone":4,"minecraft:gravel":18,"minecraft:oak_trapdoor":1,"minecraft:cobbled_deepslate":279,"minecraft:bowl":4,"minecraft:tuff":54,"minecraft:wheat":1,"tombstone:gift":1,"minecraft:rotten_flesh":6,"minecraft:clay_ball":12,"minecraft:oak_planks":37,"minecraft:spruce_planks":1,"minecraft:oak_sapling":13,"farmersdelight:rope":4,"minecraft:spider_eye":5,"tombstone:essence_of_undeath":1,"minecraft:arrow":4,"minecraft:wooden_pickaxe":1},"minecraft:killed_by":{"bosses_of_mass_destruction:void_blossom":2,"minecraft:skeleton":1},"minecraft:picked_up":{"minecraft:crafting_table":10,"minecraft:clay_ball":12,"minecraft:chest_minecart":1,"soulsweapons:moonstone":5,"minecraft:gold_block":1,"minecraft:enchanted_book":1,"minecraft:string":46,"minecraft:oak_trapdoor":5,"minecraft:red_bed":1,"minecraft:raw_copper":18,"minecraft:iron_axe":1,"immersive_aircraft:biplane":2,"minecraft:cobbled_deepslate":537,"bosses_of_mass_destruction:soul_star":1,"treasure2:ruby":1,"minecraft:spruce_planks":1,"minecraft:beef":14,"minecraft:oak_boat":1,"minecraft:player_head":1,"minecraft:iron_pickaxe":1,"minecraft:coal_block":1,"minecraft:spruce_trapdoor":2,"minecraft:furnace":6,"minecraft:stick":12,"minecraft:raw_iron":41,"minecraft:raw_gold_block":1,"minecraft:oak_fence":1,"minecraft:torch":21,"minecraft:spruce_stairs":2,"farmersdelight:tomato_seeds":4,"tombstone:grave_dust":8,"minecraft:diorite":7,"minecraft:carrot":2,"minecraft:redstone":36,"minecraft:arrow":16,"minecraft:rotten_flesh":55,"minecraft:beetroot_seeds":4,"farmersdelight:rope":10,"tombstone:essence_of_undeath":2,"minecraft:gold_ingot":38,"minecraft:glow_berries":11,"minecraft:mutton":5,"minecraft:rail":14,"minecraft:white_wool":3,"minecraft:cobblestone":126,"minecraft:birch_log":13,"minecraft:glow_ink_sac":4,"minecraft:leather":8,"minecraft:golden_leggings":1,"minecraft:potato":1,"minecraft:birch_planks":6,"minecraft:mushroom_stew":1,"minecraft:tuff":57,"minecraft:oak_log":38,"minecraft:golden_boots":2,"minecraft:gunpowder":4,"farmersdelight:skillet":2,"minecraft:lapis_lazuli":70,"minecraft:stripped_birch_log":3,"minecraft:dirt":23,"tombstone:gift":1,"minecraft:bone":11,"minecraft:apple":3,"minecraft:gray_carpet":1,"minecraft:kelp":2,"minecraft:bow":1,"minecraft:raw_gold":14,"tombstone:bag_of_seeds":1,"minecraft:oak_planks":49,"minecraft:book":3,"minecraft:oak_slab":1,"minecraft:raw_iron_block":1,"minecraft:gravel":21,"minecraft:sand":2,"minecraft:amethyst_shard":16,"minecraft:white_bed":8,"minecraft:spider_eye":6,"minecraft:diamond":57,"treasure2:sapphire":1,"minecraft:golden_apple":1,"soulsweapons:verglas":5,"minecraft:spruce_sign":1,"minecraft:bread":33,"minecraft:emerald":9,"minecraft:oak_sapling":22,"minecraft:coal":65,"minecraft:ender_pearl":1},"minecraft:killed":{"minecraft:cave_spider":15,"minecraft:spider":2,"minecraft:skeleton":13,"minecraft:zombie_villager":2,"minecraft:creeper":4,"minecraft:sheep":3,"minecraft:zombie":58,"minecraft:enderman":1,"minecraft:cow":6},"minecraft:used":{"minecraft:oak_trapdoor":5,"minecraft:stone_sword":54,"minecraft:shield":89,"minecraft:rotten_flesh":40,"minecraft:player_head":1,"minecraft:torch":65,"minecraft:dirt":5,"minecraft:spruce_stairs":2,"minecraft:carrot":4,"minecraft:wooden_axe":1,"minecraft:lava_bucket":5,"minecraft:iron_axe":285,"minecraft:iron_helmet":1,"minecraft:iron_boots":2,"minecraft:bow":7,"minecraft:furnace":5,"tombstone:gift":5,"immersive_aircraft:biplane":3,"minecraft:cooked_beef":10,"minecraft:cobbled_deepslate":231,"minecraft:iron_leggings":1,"minecraft:golden_boots":1,"minecraft:cooked_mutton":8,"minecraft:water_bucket":4,"minecraft:birch_planks":37,"minecraft:stone_pickaxe":131,"minecraft:wooden_pickaxe":14,"minecraft:diamond_axe":20,"minecraft:glow_berries":16,"minecraft:red_bed":1,"minecraft:crafting_table":16,"minecraft:mushroom_stew":4,"minecraft:white_bed":10,"minecraft:apple":13,"minecraft:bread":19,"minecraft:iron_pickaxe":1098,"minecraft:spruce_trapdoor":2,"minecraft:gravel":3,"minecraft:stone_axe":103,"minecraft:cobblestone":72,"minecraft:bucket":11,"minecraft:oak_boat":1},"minecraft:crafted":{"immersive_aircraft:engine":1,"minecraft:smooth_stone":3,"minecraft:oak_planks":80,"minecraft:raw_iron":9,"minecraft:coal":9,"minecraft:golden_chestplate":1,"minecraft:furnace":1,"minecraft:blast_furnace":1,"immersive_aircraft:biplane":1,"minecraft:piston":2,"minecraft:stone":3,"minecraft:cooked_mutton":8,"minecraft:oak_trapdoor":2,"minecraft:iron_boots":1,"minecraft:iron_axe":2,"immersive_aircraft:hull":3,"minecraft:stone_pickaxe":1,"minecraft:chest":1,"minecraft:redstone_block":3,"minecraft:cooked_beef":10,"sophisticatedbackpacks:backpack":1,"immersive_aircraft:boiler":1,"minecraft:diamond_axe":1,"minecraft:crafting_table":7,"minecraft:iron_helmet":1,"minecraft:wooden_pickaxe":1,"minecraft:copper_ingot":15,"minecraft:bucket":1,"minecraft:birch_planks":64,"minecraft:stone_axe":1,"immersive_aircraft:propeller":1,"minecraft:bread":1,"minecraft:air":0,"minecraft:oak_boat":1,"minecraft:white_wool":6,"minecraft:shield":2,"minecraft:raw_gold":9,"minecraft:stick":36,"minecraft:iron_ingot":49,"minecraft:iron_pickaxe":5,"minecraft:wooden_axe":1,"minecraft:stone_sword":1,"minecraft:iron_leggings":1,"minecraft:gold_ingot":18,"minecraft:white_bed":3,"minecraft:torch":52,"minecraft:lapis_block":5},"minecraft:broken":{"minecraft:stone_pickaxe":1,"minecraft:shield":1,"minecraft:iron_axe":3,"minecraft:stone_axe":1,"minecraft:iron_pickaxe":4,"minecraft:golden_chestplate":1},"minecraft:custom":{"minecraft:mob_kills":111,"minecraft:interact_with_crafting_table":59,"minecraft:open_barrel":4,"minecraft:leave_game":12,"minecraft:time_since_death":60047,"minecraft:climb_one_cm":20,"minecraft:sprint_one_cm":542238,"minecraft:walk_one_cm":389625,"minecraft:damage_blocked_by_shield":4650,"minecraft:drop":76,"minecraft:play_time":233920,"minecraft:deaths":5,"minecraft:sneak_time":12327,"minecraft:walk_under_water_one_cm":4344,"minecraft:boat_one_cm":286145,"minecraft:jump":1855,"minecraft:interact_with_blast_furnace":1,"minecraft:walk_on_water_one_cm":20416,"minecraft:total_world_time":233920,"minecraft:interact_with_furnace":48,"minecraft:sleep_in_bed":13,"minecraft:waystone_activated":2,"minecraft:time_since_rest":4854,"minecraft:damage_taken":5074,"minecraft:damage_dealt":18597,"minecraft:player_kills":1,"minecraft:swim_one_cm":10740,"minecraft:fly_one_cm":296876,"minecraft:open_chest":25,"minecraft:crouch_one_cm":19645,"tombstone:undead_killed":73,"minecraft:fall_one_cm":39355}},"DataVersion":3465}