{"stats":{"minecraft:picked_up":{"minecraft:crafting_table":6,"minecraft:redstone_block":2,"minecraft:andesite":10,"minecraft:chiseled_quartz_block":2,"minecraft:wooden_pickaxe":2,"soulsweapons:moonstone":5,"minecraft:filled_map":1,"minecraft:oak_log":1,"minecraft:string":1,"minecraft:dirt":8,"minecraft:bone":4,"minecraft:cobbled_deepslate":115,"minecraft:raw_gold":6,"minecraft:spruce_planks":6,"minecraft:stone_pickaxe":1,"minecraft:cooked_chicken":67,"minecraft:smooth_quartz":6,"minecraft:spruce_slab":1,"minecraft:coal_block":4,"minecraft:oak_planks":2,"minecraft:furnace":1,"minecraft:raw_iron":9,"minecraft:stick":54,"minecraft:stone":1,"minecraft:torch":4,"minecraft:sandstone_wall":1,"minecraft:sand":3,"minecraft:spruce_sapling":7,"tombstone:grave_dust":6,"minecraft:diorite":2,"minecraft:spruce_log":17,"minecraft:redstone":2,"tombstone:lollipop":1,"minecraft:light_gray_concrete":3,"minecraft:arrow":6,"minecraft:dispenser":1,"minecraft:rotten_flesh":8,"minecraft:diamond":1,"minecraft:lever":1,"tombstone:essence_of_undeath":1,"tombstone:magic_scroll":1,"minecraft:coal":36,"minecraft:cobblestone":52},"minecraft:killed":{"minecraft:creeper":1,"minecraft:skeleton":10,"minecraft:zombie":6},"minecraft:custom":{"minecraft:interact_with_furnace":7,"minecraft:mob_kills":17,"minecraft:interact_with_crafting_table":11,"minecraft:leave_game":2,"minecraft:time_since_death":26614,"minecraft:climb_one_cm":17499,"minecraft:damage_resisted":176,"minecraft:time_since_rest":25832,"minecraft:sprint_one_cm":165087,"minecraft:damage_taken":728,"minecraft:walk_one_cm":106786,"minecraft:drop":60,"tombstone:eaten_lollipop":1,"minecraft:damage_dealt":2847,"minecraft:fly_one_cm":102914,"minecraft:open_chest":8,"minecraft:crouch_one_cm":4325,"minecraft:play_time":57168,"tombstone:undead_killed":16,"minecraft:deaths":2,"minecraft:sneak_time":4196,"minecraft:walk_under_water_one_cm":772,"minecraft:jump":593,"minecraft:walk_on_water_one_cm":296,"minecraft:total_world_time":57168,"minecraft:fall_one_cm":13076},"minecraft:broken":{"minecraft:stone_pickaxe":1,"minecraft:wooden_axe":1},"minecraft:dropped":{"minecraft:lever":1,"minecraft:cooked_chicken":83,"minecraft:chiseled_quartz_block":1,"minecraft:cobbled_deepslate":21,"minecraft:crafting_table":1,"minecraft:raw_iron":1,"tombstone:gift":1,"minecraft:coal":11,"minecraft:stick":4,"minecraft:sandstone_wall":1,"minecraft:dirt":8,"minecraft:diorite":2,"minecraft:torch":9,"minecraft:spruce_planks":3,"minecraft:andesite":10,"minecraft:smooth_quartz":6,"minecraft:wooden_pickaxe":2,"minecraft:stone_pickaxe":2,"minecraft:string":1,"minecraft:spruce_sapling":7,"minecraft:bone":2,"minecraft:redstone":4},"minecraft:crafted":{"minecraft:oak_planks":4,"minecraft:coal":36,"minecraft:crafting_table":2,"minecraft:spruce_planks":68,"minecraft:wooden_pickaxe":1,"minecraft:furnace":1,"minecraft:stone_axe":1,"minecraft:iron_chestplate":1,"minecraft:shield":1,"minecraft:stick":24,"minecraft:iron_ingot":8,"minecraft:iron_pickaxe":1,"minecraft:stone_pickaxe":3,"minecraft:wooden_axe":1,"minecraft:torch":60},"minecraft:mined":{"minecraft:spruce_planks":5,"minecraft:redstone_block":2,"minecraft:deepslate_diamond_ore":1,"minecraft:chiseled_quartz_block":1,"minecraft:crafting_table":6,"minecraft:torch":1,"minecraft:redstone_wire":2,"minecraft:coal_block":4,"minecraft:cobblestone":10,"minecraft:spruce_leaves":5,"minecraft:deepslate_gold_ore":6,"minecraft:diorite":2,"minecraft:spawner":4,"minecraft:furnace":1,"minecraft:iron_ore":9,"minecraft:spruce_log":15,"minecraft:andesite":15,"minecraft:oak_log":1,"soulsweapons:moonstone_ore_deepslate":6,"minecraft:coal_ore":11,"minecraft:gravel":3,"minecraft:dirt":8,"minecraft:light_gray_concrete":3,"minecraft:sand":3,"minecraft:smooth_quartz":2,"minecraft:dispenser":1,"minecraft:stone":45,"minecraft:deepslate":121,"minecraft:spruce_slab":1,"minecraft:tripwire":1},"minecraft:used":{"minecraft:spruce_slab":1,"minecraft:stone_pickaxe":187,"minecraft:spruce_planks":45,"minecraft:wooden_pickaxe":14,"minecraft:stone":1,"tombstone:lollipop":1,"minecraft:cooked_chicken":10,"minecraft:iron_chestplate":1,"minecraft:torch":21,"minecraft:sand":3,"minecraft:crafting_table":7,"minecraft:wooden_axe":44,"minecraft:iron_pickaxe":53,"minecraft:stone_axe":38,"minecraft:cobblestone":25,"minecraft:furnace":1,"minecraft:cobbled_deepslate":20},"minecraft:killed_by":{"minecraft:creeper":1}},"DataVersion":3465}