{"stats":{"minecraft:picked_up":{"minecraft:birch_log":21,"minecraft:crafting_table":5,"minecraft:lilac":1,"minecraft:andesite":28,"minecraft:brown_wool":1,"minecraft:potato":1,"minecraft:flint":1,"minecraft:gunpowder":1,"minecraft:string":2,"minecraft:dirt":3,"minecraft:bone":3,"minecraft:cobbled_deepslate":5,"minecraft:raw_gold":6,"minecraft:iron_ingot":5,"minecraft:light_gray_wool":1,"minecraft:birch_sapling":3,"minecraft:furnace":3,"minecraft:raw_iron":53,"minecraft:cooked_porkchop":4,"minecraft:torch":20,"sophisticatedbackpacks:backpack":1,"minecraft:gravel":6,"minecraft:porkchop":4,"tombstone:grave_dust":6,"minecraft:diorite":5,"minecraft:white_bed":1,"minecraft:bundle":1,"minecraft:arrow":6,"minecraft:rotten_flesh":10,"soulsweapons:verglas":6,"minecraft:rail":1,"minecraft:mutton":12,"minecraft:coal":115,"minecraft:cobblestone":194,"minecraft:white_wool":5},"minecraft:broken":{"minecraft:stone_pickaxe":1,"minecraft:wooden_pickaxe":1},"minecraft:dropped":{"minecraft:gravel":6,"minecraft:lilac":1,"minecraft:birch_sapling":3},"minecraft:mined":{"minecraft:white_bed":1,"minecraft:crafting_table":5,"minecraft:torch":15,"minecraft:grass_block":1,"minecraft:cobblestone":18,"minecraft:diorite":5,"minecraft:wall_torch":6,"minecraft:furnace":3,"minecraft:birch_log":22,"minecraft:iron_ore":53,"minecraft:lilac":1,"minecraft:birch_leaves":1,"minecraft:andesite":30,"minecraft:coal_ore":68,"minecraft:cave_vines":1,"minecraft:rail":1,"minecraft:gravel":7,"minecraft:dirt":2,"minecraft:stone":169,"minecraft:gold_ore":6,"minecraft:deepslate":5,"soulsweapons:verglas_ore":6},"minecraft:used":{"minecraft:cooked_mutton":8,"minecraft:stone_pickaxe":131,"minecraft:wooden_pickaxe":59,"minecraft:shield":12,"minecraft:iron_chestplate":1,"minecraft:torch":41,"minecraft:glow_berries":4,"minecraft:dirt":2,"minecraft:crafting_table":6,"minecraft:white_bed":1,"minecraft:bread":2,"minecraft:iron_axe":26,"minecraft:iron_pickaxe":178,"minecraft:iron_helmet":1,"minecraft:stone_axe":66,"minecraft:cobblestone":141,"minecraft:furnace":3,"minecraft:iron_leggings":1},"minecraft:crafted":{"minecraft:crafting_table":2,"minecraft:iron_helmet":1,"minecraft:wooden_pickaxe":1,"minecraft:furnace":1,"minecraft:birch_planks":84,"minecraft:stone_axe":1,"minecraft:cooked_mutton":12,"minecraft:air":0,"minecraft:iron_chestplate":1,"minecraft:shield":1,"minecraft:iron_axe":1,"minecraft:stick":28,"minecraft:iron_ingot":22,"minecraft:iron_pickaxe":1,"minecraft:stone_pickaxe":1,"minecraft:iron_leggings":1,"minecraft:white_bed":1,"minecraft:torch":24},"minecraft:killed":{"minecraft:pig":3,"minecraft:spider":1,"minecraft:creeper":1,"minecraft:sheep":7,"minecraft:skeleton":3,"minecraft:zombie":11},"minecraft:custom":{"minecraft:interact_with_furnace":16,"minecraft:mob_kills":26,"minecraft:interact_with_crafting_table":14,"minecraft:time_since_death":58070,"minecraft:sleep_in_bed":2,"minecraft:time_since_rest":47638,"minecraft:sprint_one_cm":224975,"minecraft:damage_taken":526,"minecraft:walk_one_cm":97202,"minecraft:damage_blocked_by_shield":645,"minecraft:drop":8,"minecraft:damage_dealt":4017,"minecraft:swim_one_cm":3444,"minecraft:fly_one_cm":24844,"minecraft:crouch_one_cm":7278,"minecraft:play_time":58070,"tombstone:undead_killed":14,"minecraft:sneak_time":4218,"minecraft:walk_under_water_one_cm":44,"minecraft:jump":281,"minecraft:walk_on_water_one_cm":1959,"minecraft:total_world_time":58070,"minecraft:fall_one_cm":4252}},"DataVersion":3465}