{"stats":{"minecraft:picked_up":{"minecraft:birch_log":21,"minecraft:crafting_table":5,"minecraft:lilac":1,"minecraft:andesite":11,"minecraft:brown_wool":1,"minecraft:potato":1,"minecraft:flint":1,"minecraft:gunpowder":1,"minecraft:string":2,"minecraft:dirt":3,"minecraft:bone":3,"minecraft:iron_ingot":5,"minecraft:light_gray_wool":1,"minecraft:birch_sapling":3,"minecraft:furnace":3,"minecraft:raw_iron":45,"minecraft:cooked_porkchop":4,"minecraft:torch":14,"minecraft:gravel":6,"minecraft:porkchop":4,"tombstone:grave_dust":4,"minecraft:diorite":5,"minecraft:white_bed":1,"minecraft:bundle":1,"minecraft:arrow":6,"minecraft:rotten_flesh":7,"soulsweapons:verglas":5,"minecraft:rail":1,"minecraft:mutton":12,"minecraft:coal":107,"minecraft:cobblestone":128,"minecraft:white_wool":5},"minecraft:broken":{"minecraft:stone_pickaxe":1,"minecraft:wooden_pickaxe":1},"minecraft:dropped":{"minecraft:gravel":6,"minecraft:lilac":1,"minecraft:birch_sapling":3},"minecraft:mined":{"minecraft:white_bed":1,"minecraft:crafting_table":5,"minecraft:torch":12,"minecraft:grass_block":1,"minecraft:cobblestone":16,"minecraft:diorite":5,"minecraft:wall_torch":3,"minecraft:furnace":3,"minecraft:birch_log":22,"minecraft:iron_ore":45,"minecraft:lilac":1,"minecraft:birch_leaves":1,"minecraft:andesite":11,"minecraft:coal_ore":60,"minecraft:cave_vines":1,"minecraft:rail":1,"minecraft:gravel":7,"minecraft:dirt":2,"minecraft:stone":105,"soulsweapons:verglas_ore":5},"minecraft:used":{"minecraft:cooked_mutton":7,"minecraft:stone_pickaxe":131,"minecraft:wooden_pickaxe":59,"minecraft:shield":12,"minecraft:iron_chestplate":1,"minecraft:torch":28,"minecraft:glow_berries":4,"minecraft:dirt":2,"minecraft:crafting_table":6,"minecraft:white_bed":1,"minecraft:bread":2,"minecraft:iron_axe":23,"minecraft:iron_pickaxe":63,"minecraft:iron_helmet":1,"minecraft:stone_axe":59,"minecraft:cobblestone":105,"minecraft:furnace":3,"minecraft:iron_leggings":1},"minecraft:crafted":{"minecraft:crafting_table":2,"minecraft:iron_helmet":1,"minecraft:wooden_pickaxe":1,"minecraft:furnace":1,"minecraft:birch_planks":84,"minecraft:stone_axe":1,"minecraft:cooked_mutton":12,"minecraft:air":0,"minecraft:iron_chestplate":1,"minecraft:shield":1,"minecraft:iron_axe":1,"minecraft:stick":28,"minecraft:iron_ingot":22,"minecraft:iron_pickaxe":1,"minecraft:stone_pickaxe":1,"minecraft:iron_leggings":1,"minecraft:white_bed":1,"minecraft:torch":24},"minecraft:killed":{"minecraft:pig":3,"minecraft:spider":1,"minecraft:creeper":1,"minecraft:sheep":7,"minecraft:skeleton":3,"minecraft:zombie":8},"minecraft:custom":{"minecraft:interact_with_furnace":16,"minecraft:mob_kills":23,"minecraft:interact_with_crafting_table":14,"minecraft:time_since_death":46070,"minecraft:sleep_in_bed":2,"minecraft:time_since_rest":35638,"minecraft:sprint_one_cm":171987,"minecraft:damage_taken":526,"minecraft:walk_one_cm":77989,"minecraft:damage_blocked_by_shield":645,"minecraft:drop":8,"minecraft:damage_dealt":3445,"minecraft:swim_one_cm":3444,"minecraft:fly_one_cm":22990,"minecraft:crouch_one_cm":6818,"minecraft:play_time":46070,"tombstone:undead_killed":11,"minecraft:sneak_time":3910,"minecraft:walk_under_water_one_cm":44,"minecraft:jump":234,"minecraft:walk_on_water_one_cm":1959,"minecraft:total_world_time":46070,"minecraft:fall_one_cm":4041}},"DataVersion":3465}