{"stats":{"minecraft:mined":{"minecraft:tuff":32,"minecraft:spruce_planks":3,"minecraft:white_bed":2,"minecraft:deepslate_diamond_ore":8,"minecraft:stripped_birch_log":3,"minecraft:spruce_trapdoor":3,"minecraft:grass_block":5,"minecraft:coal_block":1,"minecraft:moss_block":3,"minecraft:spawner":1,"minecraft:raw_iron_block":1,"minecraft:oak_trapdoor":3,"minecraft:furnace":4,"minecraft:raw_gold_block":1,"minecraft:iron_ore":37,"minecraft:cobbled_deepslate":1,"minecraft:deepslate_lapis_ore":7,"minecraft:gold_block":1,"soulsweapons:moonstone_ore_deepslate":2,"minecraft:bookshelf":1,"minecraft:deepslate_iron_ore":2,"minecraft:stone":78,"minecraft:player_head":1,"minecraft:deepslate_redstone_ore":6,"minecraft:oak_slab":1,"minecraft:red_bed":1,"minecraft:amethyst_cluster":4,"minecraft:crafting_table":8,"minecraft:torch":1,"minecraft:calcite":8,"minecraft:rose_bush":1,"minecraft:mushroom_stem":45,"minecraft:copper_ore":4,"minecraft:cobblestone":1,"minecraft:lapis_ore":4,"minecraft:deepslate_gold_ore":16,"minecraft:amethyst_block":6,"minecraft:spruce_stairs":2,"minecraft:birch_planks":6,"minecraft:birch_log":13,"minecraft:oak_log":13,"minecraft:coal_ore":45,"minecraft:gravel":24,"minecraft:dirt":11,"minecraft:smooth_basalt":14,"minecraft:gold_ore":1,"minecraft:oak_leaves":7,"minecraft:deepslate":575,"soulsweapons:verglas_ore":2},"minecraft:dropped":{"minecraft:spruce_sign":1,"minecraft:oak_slab":1,"minecraft:glow_ink_sac":4,"minecraft:cobblestone":12,"minecraft:dirt":10,"minecraft:wooden_axe":1,"minecraft:iron_pickaxe":1,"minecraft:redstone":1,"minecraft:bone":2,"minecraft:gravel":18,"minecraft:cobbled_deepslate":276,"minecraft:bowl":3,"minecraft:tuff":31,"minecraft:wheat":1,"minecraft:spruce_planks":1,"minecraft:oak_sapling":4,"minecraft:arrow":1,"minecraft:wooden_pickaxe":1},"minecraft:killed_by":{"bosses_of_mass_destruction:void_blossom":2},"minecraft:picked_up":{"minecraft:crafting_table":8,"soulsweapons:moonstone":2,"minecraft:gold_block":1,"minecraft:string":2,"minecraft:red_bed":1,"minecraft:oak_trapdoor":3,"minecraft:raw_copper":18,"minecraft:cobbled_deepslate":347,"minecraft:spruce_planks":1,"minecraft:beef":10,"minecraft:player_head":1,"minecraft:iron_pickaxe":1,"minecraft:coal_block":1,"minecraft:spruce_trapdoor":2,"minecraft:furnace":4,"minecraft:stick":5,"minecraft:raw_iron":39,"minecraft:raw_gold_block":1,"minecraft:torch":1,"minecraft:spruce_stairs":2,"tombstone:grave_dust":5,"minecraft:redstone":28,"minecraft:arrow":1,"minecraft:rotten_flesh":11,"minecraft:gold_ingot":14,"minecraft:mutton":5,"minecraft:white_wool":3,"minecraft:cobblestone":77,"minecraft:birch_log":13,"minecraft:glow_ink_sac":4,"minecraft:leather":7,"minecraft:birch_planks":6,"minecraft:tuff":31,"minecraft:oak_log":13,"minecraft:dirt":15,"minecraft:lapis_lazuli":65,"minecraft:stripped_birch_log":3,"minecraft:bone":2,"minecraft:apple":1,"minecraft:raw_gold":14,"minecraft:book":3,"minecraft:oak_slab":1,"minecraft:raw_iron_block":1,"minecraft:gravel":18,"minecraft:amethyst_shard":16,"minecraft:white_bed":2,"minecraft:spider_eye":2,"minecraft:diamond":8,"minecraft:spruce_sign":1,"soulsweapons:verglas":2,"minecraft:oak_sapling":4,"minecraft:coal":50},"minecraft:killed":{"minecraft:cave_spider":2,"minecraft:skeleton":1,"minecraft:creeper":1,"minecraft:sheep":3,"minecraft:zombie":12,"minecraft:cow":5},"minecraft:crafted":{"minecraft:oak_planks":52,"minecraft:raw_iron":9,"minecraft:coal":9,"minecraft:golden_chestplate":1,"minecraft:furnace":1,"minecraft:cooked_mutton":8,"minecraft:oak_trapdoor":2,"minecraft:iron_boots":1,"minecraft:iron_axe":1,"minecraft:stone_pickaxe":1,"minecraft:redstone_block":3,"minecraft:cooked_beef":10,"minecraft:crafting_table":1,"minecraft:wooden_pickaxe":1,"minecraft:iron_helmet":1,"minecraft:bucket":1,"minecraft:birch_planks":64,"minecraft:stone_axe":1,"minecraft:bread":1,"minecraft:air":0,"minecraft:shield":1,"minecraft:raw_gold":9,"minecraft:stick":28,"minecraft:iron_ingot":33,"minecraft:iron_pickaxe":3,"minecraft:wooden_axe":1,"minecraft:stone_sword":1,"minecraft:iron_leggings":1,"minecraft:gold_ingot":18,"minecraft:white_bed":1,"minecraft:torch":40,"minecraft:lapis_block":5},"minecraft:used":{"minecraft:oak_trapdoor":4,"minecraft:shield":26,"minecraft:player_head":1,"minecraft:rotten_flesh":5,"minecraft:torch":33,"minecraft:dirt":5,"minecraft:spruce_stairs":2,"minecraft:wooden_axe":1,"minecraft:lava_bucket":3,"minecraft:iron_axe":28,"minecraft:iron_helmet":1,"minecraft:iron_boots":1,"minecraft:furnace":3,"tombstone:gift":3,"minecraft:cooked_beef":3,"minecraft:cobbled_deepslate":36,"minecraft:iron_leggings":1,"minecraft:birch_planks":37,"minecraft:stone_pickaxe":131,"minecraft:wooden_pickaxe":14,"minecraft:red_bed":1,"minecraft:crafting_table":9,"minecraft:mushroom_stew":3,"minecraft:white_bed":3,"minecraft:apple":13,"minecraft:bread":3,"minecraft:iron_pickaxe":722,"minecraft:spruce_trapdoor":2,"minecraft:stone_axe":103,"minecraft:cobblestone":51,"minecraft:bucket":4},"minecraft:broken":{"minecraft:stone_pickaxe":1,"minecraft:stone_axe":1,"minecraft:iron_pickaxe":2},"minecraft:custom":{"minecraft:mob_kills":26,"minecraft:interact_with_crafting_table":25,"minecraft:open_barrel":1,"minecraft:leave_game":6,"minecraft:time_since_death":17708,"minecraft:sprint_one_cm":178095,"minecraft:walk_one_cm":178637,"minecraft:damage_blocked_by_shield":1305,"minecraft:drop":35,"minecraft:play_time":92950,"minecraft:deaths":2,"minecraft:sneak_time":5745,"minecraft:walk_under_water_one_cm":31,"minecraft:jump":677,"minecraft:walk_on_water_one_cm":1957,"minecraft:total_world_time":92950,"minecraft:interact_with_furnace":27,"minecraft:sleep_in_bed":4,"minecraft:time_since_rest":16934,"minecraft:damage_taken":1750,"minecraft:damage_dealt":3660,"minecraft:swim_one_cm":580,"minecraft:fly_one_cm":72137,"minecraft:open_chest":2,"minecraft:crouch_one_cm":10225,"tombstone:undead_killed":13,"minecraft:fall_one_cm":17607}},"DataVersion":3465}