{"stats":{"minecraft:picked_up":{"minecraft:crafting_table":3,"minecraft:redstone_block":2,"minecraft:wooden_pickaxe":1,"minecraft:chiseled_quartz_block":1,"minecraft:dirt":8,"minecraft:string":1,"minecraft:bone":4,"minecraft:spruce_planks":6,"minecraft:stone_pickaxe":1,"minecraft:cooked_chicken":67,"minecraft:smooth_quartz":3,"minecraft:spruce_slab":1,"minecraft:coal_block":4,"minecraft:raw_iron":1,"minecraft:stick":6,"minecraft:sand":3,"minecraft:spruce_sapling":7,"tombstone:grave_dust":6,"minecraft:spruce_log":17,"minecraft:redstone":2,"tombstone:lollipop":1,"minecraft:light_gray_concrete":3,"minecraft:arrow":6,"minecraft:dispenser":1,"minecraft:rotten_flesh":6,"minecraft:lever":1,"tombstone:essence_of_undeath":1,"tombstone:magic_scroll":1,"minecraft:cobblestone":39},"minecraft:killed":{"minecraft:skeleton":10,"minecraft:zombie":2},"minecraft:custom":{"minecraft:mob_kills":12,"minecraft:interact_with_crafting_table":3,"minecraft:leave_game":2,"minecraft:time_since_death":5060,"minecraft:climb_one_cm":17499,"minecraft:damage_resisted":176,"minecraft:time_since_rest":4278,"minecraft:sprint_one_cm":103320,"minecraft:damage_taken":544,"minecraft:walk_one_cm":82775,"minecraft:drop":32,"tombstone:eaten_lollipop":1,"minecraft:damage_dealt":2056,"minecraft:fly_one_cm":68043,"minecraft:open_chest":8,"minecraft:crouch_one_cm":4050,"minecraft:play_time":35614,"tombstone:undead_killed":12,"minecraft:deaths":2,"minecraft:sneak_time":3389,"minecraft:walk_under_water_one_cm":772,"minecraft:jump":331,"minecraft:walk_on_water_one_cm":75,"minecraft:total_world_time":35614,"minecraft:fall_one_cm":7375},"minecraft:dropped":{"minecraft:cooked_chicken":78,"minecraft:crafting_table":1,"minecraft:stick":4,"minecraft:spruce_planks":3,"minecraft:wooden_pickaxe":2,"minecraft:stone_pickaxe":2,"minecraft:spruce_sapling":7,"minecraft:redstone":4},"minecraft:crafted":{"minecraft:coal":9,"minecraft:crafting_table":2,"minecraft:spruce_planks":68,"minecraft:wooden_pickaxe":1,"minecraft:stone_axe":1,"minecraft:stick":24,"minecraft:stone_pickaxe":2,"minecraft:wooden_axe":1,"minecraft:torch":60},"minecraft:mined":{"minecraft:spruce_planks":5,"minecraft:redstone_block":2,"minecraft:chiseled_quartz_block":1,"minecraft:crafting_table":3,"minecraft:redstone_wire":2,"minecraft:coal_block":4,"minecraft:cobblestone":10,"minecraft:spruce_leaves":5,"minecraft:spawner":4,"minecraft:iron_ore":1,"minecraft:spruce_log":15,"minecraft:dirt":8,"minecraft:light_gray_concrete":3,"minecraft:sand":3,"minecraft:smooth_quartz":2,"minecraft:dispenser":1,"minecraft:stone":33,"minecraft:spruce_slab":1,"minecraft:tripwire":1},"minecraft:used":{"minecraft:spruce_slab":1,"minecraft:stone_pickaxe":56,"minecraft:spruce_planks":45,"minecraft:wooden_pickaxe":14,"tombstone:lollipop":1,"minecraft:cooked_chicken":5,"minecraft:torch":8,"minecraft:sand":3,"minecraft:crafting_table":3,"minecraft:wooden_axe":40,"minecraft:stone_axe":29,"minecraft:cobblestone":13},"minecraft:killed_by":{"minecraft:creeper":1}},"DataVersion":3465}