{"stats":{"minecraft:picked_up":{"minecraft:birch_log":21,"minecraft:crafting_table":6,"minecraft:lilac":1,"minecraft:andesite":45,"minecraft:brown_wool":1,"minecraft:potato":1,"soulsweapons:moonstone":2,"minecraft:flint":1,"minecraft:tuff":29,"minecraft:gunpowder":2,"minecraft:string":2,"minecraft:dirt":3,"minecraft:bone":3,"minecraft:cobbled_deepslate":48,"minecraft:raw_gold":6,"treasure2:ruby":1,"minecraft:iron_ingot":13,"minecraft:light_gray_wool":1,"minecraft:birch_sapling":3,"minecraft:furnace":4,"minecraft:raw_iron":53,"minecraft:cooked_porkchop":4,"minecraft:torch":20,"sophisticatedbackpacks:backpack":1,"minecraft:gravel":7,"minecraft:porkchop":4,"tombstone:grave_dust":6,"minecraft:diorite":5,"minecraft:white_bed":1,"minecraft:redstone":39,"minecraft:bundle":1,"minecraft:arrow":6,"minecraft:rotten_flesh":10,"minecraft:diamond":3,"soulsweapons:verglas":6,"minecraft:rail":2,"minecraft:mutton":12,"minecraft:coal":132,"minecraft:cobblestone":196,"minecraft:white_wool":5},"minecraft:broken":{"minecraft:stone_pickaxe":1,"minecraft:iron_pickaxe":1,"minecraft:wooden_pickaxe":1},"minecraft:dropped":{"minecraft:gravel":6,"minecraft:lilac":1,"minecraft:birch_sapling":3,"tombstone:gift":2,"minecraft:rail":2,"minecraft:gunpowder":1,"minecraft:bundle":1,"minecraft:andesite":34},"minecraft:used":{"minecraft:cooked_mutton":9,"minecraft:stone_pickaxe":131,"minecraft:wooden_pickaxe":59,"minecraft:shield":12,"minecraft:iron_chestplate":1,"minecraft:torch":48,"minecraft:glow_berries":4,"minecraft:dirt":2,"minecraft:crafting_table":7,"minecraft:white_bed":1,"minecraft:bread":2,"minecraft:iron_axe":27,"minecraft:iron_pickaxe":271,"minecraft:iron_helmet":1,"minecraft:iron_boots":1,"minecraft:stone_axe":67,"minecraft:cobblestone":146,"minecraft:furnace":4,"minecraft:cobbled_deepslate":1,"minecraft:iron_leggings":1},"minecraft:mined":{"minecraft:deepslate_redstone_ore":9,"minecraft:tuff":32,"minecraft:white_bed":1,"minecraft:deepslate_diamond_ore":3,"minecraft:crafting_table":6,"minecraft:torch":15,"treasure2:deepslate_ruby_ore":1,"minecraft:grass_block":1,"minecraft:cobblestone":19,"minecraft:diorite":5,"minecraft:wall_torch":6,"minecraft:furnace":4,"minecraft:birch_log":22,"minecraft:iron_ore":53,"minecraft:cobbled_deepslate":1,"minecraft:lilac":1,"minecraft:birch_leaves":1,"minecraft:andesite":30,"soulsweapons:moonstone_ore_deepslate":2,"minecraft:coal_ore":68,"minecraft:cave_vines":1,"minecraft:rail":1,"minecraft:gravel":7,"minecraft:dirt":2,"minecraft:stone":170,"minecraft:gold_ore":6,"minecraft:deepslate":47,"soulsweapons:verglas_ore":6},"minecraft:crafted":{"minecraft:crafting_table":2,"minecraft:iron_helmet":1,"minecraft:wooden_pickaxe":1,"minecraft:iron_sword":1,"minecraft:furnace":1,"soulsweapons:holy_greatsword":1,"minecraft:birch_planks":84,"minecraft:stone_axe":1,"minecraft:cooked_mutton":12,"minecraft:air":0,"minecraft:iron_boots":1,"minecraft:iron_chestplate":1,"minecraft:shield":1,"minecraft:iron_axe":1,"minecraft:stick":28,"minecraft:iron_ingot":40,"minecraft:iron_pickaxe":2,"minecraft:stone_pickaxe":1,"minecraft:iron_leggings":1,"minecraft:white_bed":1,"minecraft:torch":60},"minecraft:killed":{"minecraft:pig":3,"minecraft:spider":1,"minecraft:creeper":2,"minecraft:sheep":7,"minecraft:skeleton":3,"minecraft:zombie":11},"minecraft:custom":{"minecraft:interact_with_furnace":24,"minecraft:mob_kills":27,"minecraft:interact_with_crafting_table":19,"minecraft:time_since_death":70070,"minecraft:sleep_in_bed":2,"minecraft:time_since_rest":59638,"minecraft:sprint_one_cm":242530,"minecraft:damage_taken":526,"minecraft:walk_one_cm":105005,"minecraft:damage_blocked_by_shield":645,"minecraft:drop":16,"minecraft:damage_dealt":4107,"minecraft:swim_one_cm":3444,"minecraft:fly_one_cm":30148,"minecraft:crouch_one_cm":7903,"minecraft:play_time":70070,"tombstone:undead_killed":14,"minecraft:sneak_time":5684,"minecraft:walk_under_water_one_cm":44,"minecraft:jump":325,"minecraft:walk_on_water_one_cm":2129,"minecraft:total_world_time":70070,"minecraft:fall_one_cm":4730}},"DataVersion":3465}