{"stats":{"minecraft:picked_up":{"minecraft:birch_log":21,"minecraft:crafting_table":8,"minecraft:lilac":1,"minecraft:andesite":61,"minecraft:brown_wool":1,"minecraft:potato":2,"soulsweapons:moonstone":19,"minecraft:flint":1,"minecraft:tuff":108,"minecraft:gunpowder":3,"minecraft:lapis_lazuli":20,"minecraft:string":11,"minecraft:dirt":3,"minecraft:bone":17,"minecraft:bow":2,"minecraft:cobbled_deepslate":391,"minecraft:raw_gold":41,"treasure2:ruby":1,"minecraft:iron_ingot":13,"tombstone:bag_of_seeds":1,"minecraft:light_gray_wool":1,"minecraft:birch_sapling":3,"minecraft:furnace":4,"minecraft:raw_iron":53,"minecraft:cooked_porkchop":4,"minecraft:torch":27,"sophisticatedbackpacks:backpack":1,"minecraft:gravel":10,"minecraft:porkchop":4,"tombstone:grave_dust":7,"minecraft:diorite":16,"minecraft:white_bed":5,"minecraft:redstone":44,"minecraft:spider_eye":4,"tombstone:lollipop":2,"minecraft:bundle":1,"minecraft:arrow":10,"minecraft:rotten_flesh":32,"minecraft:diamond":15,"farmersdelight:rope":4,"soulsweapons:verglas":9,"tombstone:essence_of_undeath":1,"minecraft:rail":2,"minecraft:mutton":12,"minecraft:coal":139,"minecraft:cobblestone":294,"minecraft:white_wool":5},"minecraft:broken":{"minecraft:stone_pickaxe":1,"minecraft:stone_axe":1,"minecraft:iron_pickaxe":3,"minecraft:wooden_pickaxe":1},"minecraft:dropped":{"minecraft:gravel":6,"minecraft:lilac":1,"minecraft:birch_sapling":3,"tombstone:gift":3,"minecraft:rail":2,"minecraft:gunpowder":1,"minecraft:bundle":1,"minecraft:andesite":34,"minecraft:bone":7},"minecraft:used":{"minecraft:cooked_mutton":12,"minecraft:stone_pickaxe":131,"minecraft:wooden_pickaxe":59,"minecraft:shield":33,"tombstone:lollipop":2,"minecraft:rotten_flesh":4,"minecraft:iron_chestplate":1,"minecraft:torch":121,"minecraft:glow_berries":4,"minecraft:dirt":2,"minecraft:crafting_table":9,"minecraft:white_bed":5,"farmersdelight:rope":4,"soulsweapons:holy_greatsword":67,"minecraft:bread":2,"minecraft:iron_axe":30,"minecraft:iron_pickaxe":894,"minecraft:iron_helmet":1,"minecraft:iron_boots":1,"minecraft:stone_axe":81,"minecraft:cobblestone":146,"minecraft:furnace":4,"minecraft:cooked_porkchop":4,"minecraft:potato":1,"minecraft:cobbled_deepslate":181,"minecraft:iron_leggings":1},"minecraft:mined":{"minecraft:deepslate_redstone_ore":10,"minecraft:tuff":109,"minecraft:white_bed":5,"soulsweapons:verglas_ore_deepslate":3,"minecraft:deepslate_diamond_ore":15,"minecraft:crafting_table":8,"minecraft:torch":19,"treasure2:deepslate_ruby_ore":1,"minecraft:grass_block":1,"minecraft:cobblestone":22,"minecraft:deepslate_gold_ore":35,"minecraft:diorite":17,"minecraft:wall_torch":8,"minecraft:furnace":4,"minecraft:birch_log":22,"minecraft:iron_ore":53,"minecraft:cobbled_deepslate":17,"minecraft:lilac":1,"minecraft:birch_leaves":1,"minecraft:andesite":46,"minecraft:deepslate_lapis_ore":3,"farmersdelight:rope":4,"soulsweapons:moonstone_ore_deepslate":19,"minecraft:coal_ore":75,"minecraft:cave_vines":1,"minecraft:rail":1,"minecraft:gravel":10,"minecraft:dirt":2,"minecraft:stone":265,"minecraft:gold_ore":6,"minecraft:deepslate":370,"soulsweapons:verglas_ore":6},"minecraft:crafted":{"minecraft:crafting_table":2,"minecraft:iron_helmet":1,"minecraft:wooden_pickaxe":1,"minecraft:iron_sword":1,"minecraft:furnace":1,"soulsweapons:holy_greatsword":1,"minecraft:birch_planks":84,"minecraft:stone_axe":1,"minecraft:cooked_mutton":12,"minecraft:air":0,"minecraft:bow":1,"minecraft:iron_boots":1,"minecraft:iron_chestplate":1,"minecraft:shield":1,"minecraft:iron_axe":1,"minecraft:stick":44,"minecraft:iron_ingot":40,"minecraft:iron_pickaxe":4,"minecraft:stone_pickaxe":1,"minecraft:iron_leggings":1,"minecraft:white_bed":1,"minecraft:torch":80},"minecraft:killed":{"minecraft:pig":3,"minecraft:spider":9,"minecraft:creeper":3,"minecraft:sheep":7,"minecraft:skeleton":9,"minecraft:zombie":27},"minecraft:custom":{"minecraft:interact_with_furnace":24,"minecraft:mob_kills":59,"minecraft:interact_with_crafting_table":21,"minecraft:time_since_death":33105,"minecraft:sleep_in_bed":5,"minecraft:climb_one_cm":48,"minecraft:time_since_rest":8922,"minecraft:sprint_one_cm":436606,"minecraft:damage_taken":1368,"minecraft:walk_one_cm":179847,"minecraft:damage_blocked_by_shield":1875,"tombstone:eaten_lollipop":2,"minecraft:drop":18,"minecraft:damage_dealt":9848,"minecraft:swim_one_cm":3444,"minecraft:fly_one_cm":108658,"minecraft:open_chest":7,"minecraft:crouch_one_cm":19989,"minecraft:deaths":1,"minecraft:play_time":142003,"tombstone:undead_killed":36,"minecraft:sneak_time":14421,"minecraft:walk_under_water_one_cm":44,"minecraft:jump":910,"minecraft:walk_on_water_one_cm":2760,"minecraft:total_world_time":142003,"minecraft:fall_one_cm":11421}},"DataVersion":3465}