{"stats":{"minecraft:picked_up":{"minecraft:birch_log":21,"minecraft:raw_iron":17,"minecraft:crafting_table":4,"minecraft:lilac":1,"minecraft:cooked_porkchop":4,"minecraft:andesite":11,"minecraft:brown_wool":1,"minecraft:torch":2,"minecraft:gravel":6,"minecraft:porkchop":4,"minecraft:flint":1,"minecraft:diorite":5,"minecraft:white_bed":1,"minecraft:dirt":3,"soulsweapons:verglas":2,"minecraft:light_gray_wool":1,"minecraft:mutton":12,"minecraft:birch_sapling":3,"minecraft:coal":43,"minecraft:white_wool":5,"minecraft:cobblestone":96,"minecraft:furnace":2},"minecraft:broken":{"minecraft:wooden_pickaxe":1},"minecraft:dropped":{"minecraft:gravel":6,"minecraft:lilac":1,"minecraft:birch_sapling":3},"minecraft:mined":{"minecraft:white_bed":1,"minecraft:furnace":2,"minecraft:iron_ore":17,"minecraft:birch_log":22,"minecraft:lilac":1,"minecraft:andesite":11,"minecraft:birch_leaves":1,"minecraft:crafting_table":4,"minecraft:grass_block":1,"minecraft:coal_ore":35,"minecraft:gravel":7,"minecraft:dirt":2,"minecraft:cobblestone":1,"minecraft:stone":97,"minecraft:diorite":5,"minecraft:wall_torch":1,"soulsweapons:verglas_ore":2},"minecraft:used":{"minecraft:cooked_mutton":2,"minecraft:stone_pickaxe":110,"minecraft:iron_pickaxe":2,"minecraft:wooden_pickaxe":59,"minecraft:iron_chestplate":1,"minecraft:stone_axe":40,"minecraft:torch":7,"minecraft:dirt":2,"minecraft:cobblestone":38,"minecraft:crafting_table":5,"minecraft:furnace":2,"minecraft:white_bed":1},"minecraft:crafted":{"minecraft:iron_chestplate":1,"minecraft:shield":1,"minecraft:iron_axe":1,"minecraft:crafting_table":2,"minecraft:stick":28,"minecraft:iron_pickaxe":1,"minecraft:iron_ingot":17,"minecraft:wooden_pickaxe":1,"minecraft:stone_pickaxe":1,"minecraft:furnace":1,"minecraft:white_bed":1,"minecraft:torch":24,"minecraft:birch_planks":84,"minecraft:stone_axe":1,"minecraft:air":0,"minecraft:cooked_mutton":12},"minecraft:killed":{"minecraft:sheep":7,"minecraft:pig":3},"minecraft:custom":{"minecraft:time_since_rest":11638,"minecraft:interact_with_furnace":12,"minecraft:sprint_one_cm":60038,"minecraft:damage_taken":40,"minecraft:walk_one_cm":30377,"minecraft:mob_kills":10,"minecraft:drop":8,"minecraft:damage_dealt":859,"minecraft:swim_one_cm":2903,"minecraft:interact_with_crafting_table":11,"minecraft:fly_one_cm":20684,"minecraft:crouch_one_cm":6100,"minecraft:play_time":22070,"minecraft:sneak_time":3657,"minecraft:jump":158,"minecraft:time_since_death":22070,"minecraft:walk_on_water_one_cm":506,"minecraft:sleep_in_bed":2,"minecraft:total_world_time":22070,"minecraft:fall_one_cm":4041}},"DataVersion":3465}