{"stats":{"minecraft:picked_up":{"minecraft:birch_log":21,"minecraft:crafting_table":9,"minecraft:lilac":1,"minecraft:andesite":62,"minecraft:leather":3,"minecraft:brown_wool":1,"minecraft:potato":2,"soulsweapons:moonstone":19,"minecraft:flint":1,"minecraft:tuff":108,"minecraft:oak_log":12,"minecraft:gunpowder":3,"minecraft:lapis_lazuli":20,"minecraft:string":11,"minecraft:dirt":3,"minecraft:bone":17,"minecraft:bow":2,"minecraft:cobbled_deepslate":391,"minecraft:raw_gold":41,"treasure2:ruby":1,"minecraft:beef":9,"minecraft:iron_ingot":13,"tombstone:bag_of_seeds":1,"minecraft:light_gray_wool":1,"minecraft:birch_sapling":3,"minecraft:furnace":4,"minecraft:raw_iron":53,"minecraft:cooked_porkchop":4,"minecraft:torch":28,"sophisticatedbackpacks:backpack":1,"minecraft:gravel":10,"minecraft:porkchop":4,"tombstone:grave_dust":7,"minecraft:diorite":16,"minecraft:white_bed":6,"minecraft:redstone":44,"minecraft:spider_eye":4,"tombstone:lollipop":2,"minecraft:bundle":1,"minecraft:arrow":10,"minecraft:rotten_flesh":43,"minecraft:diamond":15,"minecraft:oak_sapling":1,"farmersdelight:rope":4,"soulsweapons:verglas":9,"tombstone:essence_of_undeath":1,"minecraft:rail":2,"minecraft:mutton":12,"minecraft:coal":141,"minecraft:cobblestone":312,"minecraft:white_wool":5},"minecraft:broken":{"minecraft:stone_pickaxe":1,"minecraft:stone_axe":1,"minecraft:iron_pickaxe":3,"minecraft:wooden_pickaxe":1},"minecraft:dropped":{"minecraft:gravel":9,"minecraft:lilac":1,"minecraft:cobbled_deepslate":108,"minecraft:birch_sapling":3,"tombstone:gift":3,"minecraft:cobblestone":23,"minecraft:rotten_flesh":12,"minecraft:rail":2,"tombstone:bag_of_seeds":1,"minecraft:diorite":11,"minecraft:gunpowder":1,"minecraft:bundle":1,"minecraft:andesite":51,"minecraft:bone":7},"minecraft:used":{"minecraft:cooked_mutton":12,"minecraft:stone_pickaxe":131,"minecraft:wooden_pickaxe":59,"minecraft:shield":33,"tombstone:lollipop":2,"minecraft:rotten_flesh":17,"minecraft:iron_chestplate":1,"minecraft:torch":122,"minecraft:glow_berries":4,"minecraft:dirt":2,"minecraft:crafting_table":10,"minecraft:white_bed":6,"farmersdelight:rope":4,"soulsweapons:holy_greatsword":67,"minecraft:bread":2,"minecraft:iron_axe":53,"minecraft:iron_pickaxe":915,"minecraft:iron_helmet":1,"minecraft:iron_boots":1,"minecraft:stone_axe":81,"minecraft:cobblestone":146,"minecraft:furnace":4,"minecraft:cooked_porkchop":4,"minecraft:potato":1,"minecraft:cobbled_deepslate":184,"minecraft:iron_leggings":1},"minecraft:mined":{"minecraft:deepslate_redstone_ore":10,"minecraft:tuff":109,"minecraft:white_bed":6,"soulsweapons:verglas_ore_deepslate":3,"minecraft:deepslate_diamond_ore":15,"minecraft:crafting_table":9,"minecraft:torch":20,"treasure2:deepslate_ruby_ore":1,"minecraft:grass_block":1,"minecraft:cobblestone":22,"minecraft:deepslate_gold_ore":35,"minecraft:diorite":17,"minecraft:wall_torch":8,"minecraft:furnace":4,"minecraft:birch_log":22,"minecraft:iron_ore":53,"minecraft:cobbled_deepslate":17,"minecraft:lilac":1,"minecraft:birch_leaves":1,"minecraft:andesite":47,"minecraft:deepslate_lapis_ore":3,"minecraft:oak_log":12,"farmersdelight:rope":4,"soulsweapons:moonstone_ore_deepslate":19,"minecraft:coal_ore":77,"minecraft:cave_vines":1,"minecraft:rail":1,"minecraft:gravel":10,"minecraft:dirt":2,"minecraft:stone":283,"minecraft:oak_leaves":4,"minecraft:gold_ore":6,"minecraft:deepslate":370,"soulsweapons:verglas_ore":6},"minecraft:crafted":{"minecraft:crafting_table":2,"minecraft:iron_helmet":1,"minecraft:wooden_pickaxe":1,"minecraft:iron_sword":1,"minecraft:furnace":1,"soulsweapons:holy_greatsword":1,"minecraft:birch_planks":84,"minecraft:stone_axe":1,"minecraft:cooked_mutton":12,"minecraft:air":0,"minecraft:bow":1,"minecraft:iron_boots":1,"minecraft:iron_chestplate":1,"minecraft:shield":1,"minecraft:iron_axe":1,"minecraft:stick":44,"immersive_aircraft:hull":2,"minecraft:iron_ingot":40,"minecraft:iron_pickaxe":4,"minecraft:stone_pickaxe":1,"minecraft:iron_leggings":1,"minecraft:white_bed":1,"minecraft:torch":80},"minecraft:killed":{"minecraft:pig":3,"minecraft:spider":9,"minecraft:creeper":3,"minecraft:sheep":7,"minecraft:skeleton":9,"minecraft:zombie":27,"minecraft:cow":4},"minecraft:custom":{"minecraft:interact_with_furnace":24,"minecraft:mob_kills":63,"minecraft:interact_with_crafting_table":25,"minecraft:time_since_death":45105,"minecraft:sleep_in_bed":7,"minecraft:climb_one_cm":930,"minecraft:time_since_rest":6815,"minecraft:sprint_one_cm":513368,"minecraft:damage_taken":1459,"minecraft:walk_one_cm":187995,"minecraft:damage_blocked_by_shield":1875,"tombstone:eaten_lollipop":2,"minecraft:drop":38,"minecraft:damage_dealt":10248,"minecraft:swim_one_cm":17053,"minecraft:fly_one_cm":163240,"minecraft:open_chest":7,"minecraft:crouch_one_cm":19989,"minecraft:deaths":1,"minecraft:play_time":154003,"tombstone:undead_killed":36,"minecraft:sneak_time":14481,"minecraft:walk_under_water_one_cm":316,"minecraft:jump":1202,"minecraft:walk_on_water_one_cm":6435,"minecraft:total_world_time":154003,"minecraft:fall_one_cm":17492}},"DataVersion":3465}