{"stats":{"minecraft:dropped":{"minecraft:wooden_axe":1,"minecraft:wooden_pickaxe":1},"minecraft:picked_up":{"minecraft:birch_log":13,"minecraft:crafting_table":3,"minecraft:birch_planks":6,"minecraft:gold_block":1,"minecraft:dirt":5,"minecraft:red_bed":1,"minecraft:stripped_birch_log":3,"minecraft:spruce_planks":1,"minecraft:player_head":1,"minecraft:coal_block":1,"minecraft:spruce_trapdoor":2,"minecraft:furnace":2,"minecraft:book":3,"minecraft:stick":2,"minecraft:raw_gold_block":1,"minecraft:raw_iron_block":1,"minecraft:spruce_stairs":2,"minecraft:spruce_sign":1,"minecraft:coal":6,"minecraft:cobblestone":12},"minecraft:custom":{"minecraft:interact_with_furnace":10,"minecraft:mob_kills":2,"minecraft:interact_with_crafting_table":8,"minecraft:open_barrel":1,"minecraft:time_since_death":17567,"minecraft:sleep_in_bed":1,"minecraft:time_since_rest":3912,"minecraft:sprint_one_cm":47135,"minecraft:damage_taken":177,"minecraft:walk_one_cm":23961,"minecraft:damage_blocked_by_shield":420,"minecraft:drop":2,"minecraft:damage_dealt":197,"minecraft:fly_one_cm":13010,"minecraft:open_chest":1,"minecraft:crouch_one_cm":7203,"minecraft:play_time":17567,"minecraft:sneak_time":3427,"minecraft:jump":118,"minecraft:walk_on_water_one_cm":117,"minecraft:total_world_time":17567,"minecraft:fall_one_cm":1374},"minecraft:mined":{"minecraft:oak_slab":1,"minecraft:spruce_planks":3,"minecraft:red_bed":1,"minecraft:stripped_birch_log":3,"minecraft:crafting_table":3,"minecraft:spruce_trapdoor":3,"minecraft:grass_block":3,"minecraft:rose_bush":1,"minecraft:mushroom_stem":42,"minecraft:coal_block":1,"minecraft:moss_block":3,"minecraft:spawner":1,"minecraft:spruce_stairs":2,"minecraft:birch_planks":6,"minecraft:raw_iron_block":1,"minecraft:furnace":2,"minecraft:raw_gold_block":1,"minecraft:birch_log":13,"minecraft:gold_block":1,"minecraft:bookshelf":1,"minecraft:dirt":2,"minecraft:stone":12,"minecraft:player_head":1},"minecraft:crafted":{"minecraft:raw_iron":9,"minecraft:coal":9,"minecraft:golden_chestplate":1,"minecraft:crafting_table":1,"minecraft:wooden_pickaxe":1,"minecraft:birch_planks":64,"minecraft:stone_axe":1,"minecraft:air":0,"minecraft:iron_boots":1,"minecraft:shield":1,"minecraft:raw_gold":9,"minecraft:stick":16,"minecraft:iron_ingot":9,"minecraft:iron_pickaxe":1,"minecraft:stone_pickaxe":1,"minecraft:wooden_axe":1,"minecraft:gold_ingot":9},"minecraft:used":{"minecraft:birch_planks":37,"minecraft:stone_pickaxe":3,"minecraft:wooden_pickaxe":14,"minecraft:shield":7,"minecraft:player_head":1,"minecraft:dirt":5,"minecraft:crafting_table":3,"minecraft:red_bed":1,"minecraft:mushroom_stew":3,"minecraft:spruce_stairs":2,"minecraft:wooden_axe":1,"minecraft:iron_pickaxe":4,"minecraft:spruce_trapdoor":2,"minecraft:iron_boots":1,"minecraft:stone_axe":49,"minecraft:cobblestone":2,"minecraft:furnace":1}},"DataVersion":3465}