{"stats":{"minecraft:picked_up":{"minecraft:stick":6,"minecraft:crafting_table":3,"minecraft:redstone_block":2,"minecraft:chiseled_quartz_block":1,"minecraft:wooden_pickaxe":1,"minecraft:spruce_sapling":7,"minecraft:spruce_log":17,"minecraft:redstone":1,"minecraft:string":1,"tombstone:lollipop":1,"minecraft:light_gray_concrete":3,"minecraft:dispenser":1,"minecraft:bone":2,"minecraft:arrow":4,"minecraft:lever":1,"minecraft:spruce_planks":4,"minecraft:stone_pickaxe":1,"minecraft:cooked_chicken":67,"minecraft:smooth_quartz":1,"tombstone:essence_of_undeath":1,"minecraft:spruce_slab":1,"tombstone:magic_scroll":1,"minecraft:coal_block":4,"minecraft:cobblestone":23},"minecraft:killed":{"minecraft:skeleton":7},"minecraft:custom":{"minecraft:time_since_rest":12780,"minecraft:sprint_one_cm":55226,"minecraft:damage_taken":193,"minecraft:walk_one_cm":70793,"minecraft:mob_kills":7,"minecraft:drop":27,"tombstone:eaten_lollipop":1,"minecraft:damage_dealt":1176,"minecraft:interact_with_crafting_table":3,"minecraft:fly_one_cm":30069,"minecraft:open_chest":6,"minecraft:crouch_one_cm":1527,"minecraft:play_time":22457,"tombstone:undead_killed":7,"minecraft:deaths":1,"minecraft:sneak_time":1286,"minecraft:jump":207,"minecraft:leave_game":1,"minecraft:time_since_death":13198,"minecraft:damage_resisted":110,"minecraft:total_world_time":22457,"minecraft:climb_one_cm":17043,"minecraft:fall_one_cm":3009},"minecraft:dropped":{"minecraft:cooked_chicken":78,"minecraft:spruce_planks":3,"minecraft:crafting_table":1,"minecraft:stone_pickaxe":1,"minecraft:wooden_pickaxe":2,"minecraft:spruce_sapling":7,"minecraft:stick":4},"minecraft:crafted":{"minecraft:coal":9,"minecraft:crafting_table":2,"minecraft:spruce_planks":68,"minecraft:stick":12,"minecraft:wooden_pickaxe":1,"minecraft:stone_pickaxe":2,"minecraft:wooden_axe":1,"minecraft:torch":16,"minecraft:stone_axe":1},"minecraft:mined":{"minecraft:spruce_planks":3,"minecraft:redstone_block":2,"minecraft:spruce_log":15,"minecraft:chiseled_quartz_block":1,"minecraft:crafting_table":3,"minecraft:smooth_quartz":1,"minecraft:redstone_wire":1,"minecraft:light_gray_concrete":3,"minecraft:coal_block":4,"minecraft:cobblestone":9,"minecraft:dispenser":1,"minecraft:spruce_leaves":5,"minecraft:stone":14,"minecraft:spruce_slab":1,"minecraft:tripwire":1,"minecraft:spawner":3},"minecraft:used":{"minecraft:wooden_axe":26,"minecraft:spruce_slab":1,"minecraft:stone_pickaxe":24,"minecraft:spruce_planks":34,"minecraft:wooden_pickaxe":14,"tombstone:lollipop":1,"minecraft:cooked_chicken":2,"minecraft:torch":5,"minecraft:stone_axe":21,"minecraft:cobblestone":11,"minecraft:crafting_table":3}},"DataVersion":3465}