{"stats":{"minecraft:picked_up":{"minecraft:birch_log":21,"minecraft:crafting_table":6,"minecraft:lilac":1,"minecraft:andesite":45,"minecraft:brown_wool":1,"minecraft:potato":1,"soulsweapons:moonstone":5,"minecraft:flint":1,"minecraft:tuff":30,"minecraft:gunpowder":3,"minecraft:string":2,"minecraft:dirt":3,"minecraft:bone":5,"minecraft:bow":1,"minecraft:cobbled_deepslate":99,"minecraft:raw_gold":6,"treasure2:ruby":1,"minecraft:iron_ingot":13,"minecraft:light_gray_wool":1,"minecraft:birch_sapling":3,"minecraft:furnace":4,"minecraft:raw_iron":53,"minecraft:cooked_porkchop":4,"minecraft:torch":20,"sophisticatedbackpacks:backpack":1,"minecraft:gravel":7,"minecraft:porkchop":4,"tombstone:grave_dust":6,"minecraft:diorite":5,"minecraft:white_bed":1,"minecraft:redstone":44,"minecraft:bundle":1,"minecraft:arrow":8,"minecraft:rotten_flesh":11,"minecraft:diamond":10,"soulsweapons:verglas":8,"minecraft:rail":2,"minecraft:mutton":12,"minecraft:coal":132,"minecraft:cobblestone":196,"minecraft:white_wool":5},"minecraft:broken":{"minecraft:stone_pickaxe":1,"minecraft:iron_pickaxe":1,"minecraft:wooden_pickaxe":1},"minecraft:dropped":{"minecraft:gravel":6,"minecraft:lilac":1,"minecraft:birch_sapling":3,"tombstone:gift":2,"minecraft:rail":2,"minecraft:gunpowder":1,"minecraft:bundle":1,"minecraft:andesite":34},"minecraft:used":{"minecraft:cooked_mutton":10,"minecraft:stone_pickaxe":131,"minecraft:wooden_pickaxe":59,"minecraft:shield":14,"minecraft:iron_chestplate":1,"minecraft:torch":66,"minecraft:glow_berries":4,"minecraft:dirt":2,"minecraft:crafting_table":7,"minecraft:white_bed":1,"soulsweapons:holy_greatsword":7,"minecraft:bread":2,"minecraft:iron_axe":27,"minecraft:iron_pickaxe":338,"minecraft:iron_helmet":1,"minecraft:iron_boots":1,"minecraft:stone_axe":69,"minecraft:cobblestone":146,"minecraft:furnace":4,"minecraft:cobbled_deepslate":39,"minecraft:iron_leggings":1},"minecraft:mined":{"minecraft:deepslate_redstone_ore":10,"minecraft:tuff":33,"minecraft:white_bed":1,"soulsweapons:verglas_ore_deepslate":2,"minecraft:deepslate_diamond_ore":10,"minecraft:crafting_table":6,"minecraft:torch":15,"treasure2:deepslate_ruby_ore":1,"minecraft:grass_block":1,"minecraft:cobblestone":19,"minecraft:diorite":5,"minecraft:wall_torch":6,"minecraft:furnace":4,"minecraft:birch_log":22,"minecraft:iron_ore":53,"minecraft:cobbled_deepslate":1,"minecraft:lilac":1,"minecraft:birch_leaves":1,"minecraft:andesite":30,"soulsweapons:moonstone_ore_deepslate":5,"minecraft:coal_ore":68,"minecraft:cave_vines":1,"minecraft:rail":1,"minecraft:gravel":7,"minecraft:dirt":2,"minecraft:stone":170,"minecraft:gold_ore":6,"minecraft:deepslate":100,"soulsweapons:verglas_ore":6},"minecraft:crafted":{"minecraft:crafting_table":2,"minecraft:iron_helmet":1,"minecraft:wooden_pickaxe":1,"minecraft:iron_sword":1,"minecraft:furnace":1,"soulsweapons:holy_greatsword":1,"minecraft:birch_planks":84,"minecraft:stone_axe":1,"minecraft:cooked_mutton":12,"minecraft:air":0,"minecraft:iron_boots":1,"minecraft:iron_chestplate":1,"minecraft:shield":1,"minecraft:iron_axe":1,"minecraft:stick":28,"minecraft:iron_ingot":40,"minecraft:iron_pickaxe":2,"minecraft:stone_pickaxe":1,"minecraft:iron_leggings":1,"minecraft:white_bed":1,"minecraft:torch":60},"minecraft:killed":{"minecraft:pig":3,"minecraft:spider":1,"minecraft:creeper":3,"minecraft:sheep":7,"minecraft:skeleton":4,"minecraft:zombie":12},"minecraft:custom":{"minecraft:interact_with_furnace":24,"minecraft:mob_kills":30,"minecraft:interact_with_crafting_table":19,"minecraft:time_since_death":82070,"minecraft:sleep_in_bed":2,"minecraft:time_since_rest":71638,"minecraft:sprint_one_cm":296681,"minecraft:damage_taken":598,"minecraft:walk_one_cm":123761,"minecraft:damage_blocked_by_shield":795,"minecraft:drop":16,"minecraft:damage_dealt":4687,"minecraft:swim_one_cm":3444,"minecraft:fly_one_cm":40096,"minecraft:crouch_one_cm":11684,"minecraft:play_time":82070,"tombstone:undead_killed":16,"minecraft:sneak_time":7400,"minecraft:walk_under_water_one_cm":44,"minecraft:jump":454,"minecraft:walk_on_water_one_cm":2464,"minecraft:total_world_time":82070,"minecraft:fall_one_cm":6373}},"DataVersion":3465}