{"stats":{"minecraft:mined":{"minecraft:tuff":58,"minecraft:spruce_planks":3,"minecraft:white_bed":6,"minecraft:deepslate_diamond_ore":32,"minecraft:stripped_birch_log":3,"minecraft:spruce_trapdoor":3,"minecraft:cave_vines_plant":2,"minecraft:grass_block":5,"treasure2:deepslate_ruby_ore":1,"minecraft:coal_block":1,"minecraft:moss_block":3,"minecraft:spawner":1,"minecraft:raw_iron_block":1,"minecraft:oak_trapdoor":4,"minecraft:furnace":4,"minecraft:raw_gold_block":1,"minecraft:iron_ore":37,"minecraft:cobbled_deepslate":14,"minecraft:deepslate_lapis_ore":7,"minecraft:gold_block":1,"soulsweapons:moonstone_ore_deepslate":5,"minecraft:bookshelf":1,"minecraft:cave_vines":2,"minecraft:deepslate_iron_ore":4,"minecraft:rail":1,"minecraft:stone":78,"minecraft:player_head":1,"minecraft:deepslate_redstone_ore":6,"minecraft:oak_slab":1,"minecraft:red_bed":1,"soulsweapons:verglas_ore_deepslate":3,"minecraft:amethyst_cluster":4,"minecraft:crafting_table":10,"minecraft:torch":1,"minecraft:calcite":8,"minecraft:rose_bush":1,"minecraft:mushroom_stem":45,"minecraft:copper_ore":4,"minecraft:cobblestone":3,"minecraft:deepslate_gold_ore":16,"minecraft:lapis_ore":4,"minecraft:oak_planks":2,"minecraft:wall_torch":1,"minecraft:amethyst_block":6,"minecraft:spruce_stairs":2,"minecraft:birch_planks":6,"minecraft:birch_log":13,"minecraft:birch_leaves":1,"minecraft:oak_log":13,"minecraft:coal_ore":45,"minecraft:gravel":24,"minecraft:dirt":11,"treasure2:deepslate_sapphire_ore":1,"minecraft:cobweb":51,"minecraft:smooth_basalt":14,"minecraft:gold_ore":1,"minecraft:oak_leaves":7,"minecraft:deepslate":774,"soulsweapons:verglas_ore":2},"minecraft:dropped":{"farmersdelight:tomato_seeds":2,"minecraft:golden_boots":1,"minecraft:spruce_sign":1,"minecraft:bread":1,"minecraft:oak_slab":1,"minecraft:glow_ink_sac":4,"farmersdelight:skillet":1,"minecraft:oak_fence":1,"minecraft:cobblestone":13,"minecraft:rail":2,"minecraft:stick":3,"minecraft:dirt":10,"minecraft:wooden_axe":1,"tombstone:grave_dust":8,"minecraft:iron_pickaxe":1,"minecraft:redstone":1,"minecraft:bone":4,"minecraft:gravel":18,"minecraft:oak_trapdoor":1,"minecraft:cobbled_deepslate":279,"minecraft:bowl":3,"minecraft:tuff":54,"minecraft:wheat":1,"minecraft:rotten_flesh":6,"minecraft:oak_planks":37,"minecraft:spruce_planks":1,"minecraft:oak_sapling":4,"farmersdelight:rope":4,"minecraft:spider_eye":5,"tombstone:essence_of_undeath":1,"minecraft:arrow":3,"minecraft:wooden_pickaxe":1},"minecraft:killed_by":{"bosses_of_mass_destruction:void_blossom":2,"minecraft:skeleton":1},"minecraft:picked_up":{"minecraft:crafting_table":9,"minecraft:chest_minecart":1,"soulsweapons:moonstone":5,"minecraft:gold_block":1,"minecraft:enchanted_book":1,"minecraft:string":46,"minecraft:oak_trapdoor":5,"minecraft:red_bed":1,"minecraft:raw_copper":18,"minecraft:cobbled_deepslate":515,"bosses_of_mass_destruction:soul_star":1,"treasure2:ruby":1,"minecraft:spruce_planks":1,"minecraft:beef":10,"minecraft:player_head":1,"minecraft:iron_pickaxe":1,"minecraft:coal_block":1,"minecraft:spruce_trapdoor":2,"minecraft:furnace":4,"minecraft:stick":11,"minecraft:raw_iron":41,"minecraft:raw_gold_block":1,"minecraft:oak_fence":1,"minecraft:torch":17,"minecraft:spruce_stairs":2,"farmersdelight:tomato_seeds":4,"tombstone:grave_dust":8,"minecraft:carrot":2,"minecraft:redstone":33,"minecraft:arrow":10,"minecraft:rotten_flesh":51,"minecraft:beetroot_seeds":4,"farmersdelight:rope":10,"tombstone:essence_of_undeath":2,"minecraft:gold_ingot":14,"minecraft:glow_berries":11,"minecraft:mutton":5,"minecraft:rail":14,"minecraft:white_wool":3,"minecraft:cobblestone":80,"minecraft:birch_log":13,"minecraft:glow_ink_sac":4,"minecraft:leather":7,"minecraft:golden_leggings":1,"minecraft:potato":1,"minecraft:birch_planks":6,"minecraft:tuff":57,"minecraft:oak_log":13,"minecraft:golden_boots":2,"minecraft:gunpowder":3,"farmersdelight:skillet":2,"minecraft:stripped_birch_log":3,"minecraft:lapis_lazuli":70,"minecraft:dirt":15,"minecraft:bone":9,"minecraft:apple":1,"minecraft:gray_carpet":1,"minecraft:bow":1,"minecraft:raw_gold":14,"tombstone:bag_of_seeds":1,"minecraft:oak_planks":47,"minecraft:book":3,"minecraft:oak_slab":1,"minecraft:raw_iron_block":1,"minecraft:gravel":18,"minecraft:amethyst_shard":16,"minecraft:white_bed":6,"minecraft:spider_eye":6,"minecraft:diamond":32,"treasure2:sapphire":1,"minecraft:golden_apple":1,"soulsweapons:verglas":5,"minecraft:spruce_sign":1,"minecraft:bread":33,"minecraft:oak_sapling":4,"minecraft:coal":50},"minecraft:killed":{"minecraft:cave_spider":15,"minecraft:spider":2,"minecraft:skeleton":12,"minecraft:zombie_villager":2,"minecraft:creeper":3,"minecraft:sheep":3,"minecraft:zombie":52,"minecraft:cow":5},"minecraft:crafted":{"minecraft:oak_planks":52,"minecraft:raw_iron":9,"minecraft:coal":9,"minecraft:golden_chestplate":1,"minecraft:furnace":1,"minecraft:cooked_mutton":8,"minecraft:oak_trapdoor":2,"minecraft:iron_boots":1,"minecraft:iron_axe":2,"minecraft:stone_pickaxe":1,"minecraft:chest":1,"minecraft:redstone_block":3,"minecraft:cooked_beef":10,"sophisticatedbackpacks:backpack":1,"minecraft:crafting_table":5,"minecraft:wooden_pickaxe":1,"minecraft:iron_helmet":1,"minecraft:bucket":1,"minecraft:birch_planks":64,"minecraft:stone_axe":1,"minecraft:bread":1,"minecraft:air":0,"minecraft:shield":2,"minecraft:raw_gold":9,"minecraft:stick":32,"minecraft:iron_ingot":33,"minecraft:iron_pickaxe":4,"minecraft:wooden_axe":1,"minecraft:stone_sword":1,"minecraft:iron_leggings":1,"minecraft:gold_ingot":18,"minecraft:white_bed":1,"minecraft:torch":52,"minecraft:lapis_block":5},"minecraft:used":{"minecraft:oak_trapdoor":5,"minecraft:stone_sword":54,"minecraft:shield":83,"minecraft:player_head":1,"minecraft:rotten_flesh":39,"minecraft:torch":62,"minecraft:dirt":5,"minecraft:spruce_stairs":2,"minecraft:carrot":4,"minecraft:wooden_axe":1,"minecraft:lava_bucket":5,"minecraft:iron_axe":234,"minecraft:iron_helmet":1,"minecraft:iron_boots":2,"minecraft:bow":7,"minecraft:furnace":3,"tombstone:gift":3,"minecraft:cooked_beef":10,"minecraft:cobbled_deepslate":145,"minecraft:iron_leggings":1,"minecraft:golden_boots":1,"minecraft:cooked_mutton":8,"minecraft:water_bucket":4,"minecraft:birch_planks":37,"minecraft:stone_pickaxe":131,"minecraft:wooden_pickaxe":14,"minecraft:glow_berries":16,"minecraft:red_bed":1,"minecraft:crafting_table":14,"minecraft:mushroom_stew":3,"minecraft:white_bed":6,"minecraft:apple":13,"minecraft:bread":8,"minecraft:iron_pickaxe":998,"minecraft:spruce_trapdoor":2,"minecraft:stone_axe":103,"minecraft:cobblestone":53,"minecraft:bucket":11},"minecraft:broken":{"minecraft:stone_pickaxe":1,"minecraft:shield":1,"minecraft:iron_axe":1,"minecraft:stone_axe":1,"minecraft:iron_pickaxe":4,"minecraft:golden_chestplate":1},"minecraft:custom":{"minecraft:mob_kills":99,"minecraft:interact_with_crafting_table":35,"minecraft:open_barrel":1,"minecraft:leave_game":10,"minecraft:time_since_death":2126,"minecraft:climb_one_cm":20,"minecraft:sprint_one_cm":434512,"minecraft:walk_one_cm":356100,"minecraft:damage_blocked_by_shield":4350,"minecraft:drop":59,"minecraft:play_time":175999,"minecraft:deaths":5,"minecraft:sneak_time":11876,"minecraft:walk_under_water_one_cm":617,"minecraft:jump":1417,"minecraft:walk_on_water_one_cm":13210,"minecraft:total_world_time":175999,"minecraft:interact_with_furnace":27,"minecraft:sleep_in_bed":10,"minecraft:time_since_rest":2127,"minecraft:damage_taken":4631,"minecraft:damage_dealt":16531,"minecraft:player_kills":1,"minecraft:swim_one_cm":1852,"minecraft:fly_one_cm":197123,"minecraft:open_chest":10,"minecraft:crouch_one_cm":19416,"tombstone:undead_killed":66,"minecraft:fall_one_cm":31413}},"DataVersion":3465}