{"stats":{"minecraft:picked_up":{"minecraft:crafting_table":5,"minecraft:redstone_block":2,"minecraft:andesite":10,"minecraft:chiseled_quartz_block":2,"minecraft:wooden_pickaxe":2,"minecraft:filled_map":1,"minecraft:string":1,"minecraft:dirt":8,"minecraft:bone":4,"minecraft:cobbled_deepslate":28,"minecraft:raw_gold":6,"minecraft:spruce_planks":6,"minecraft:stone_pickaxe":1,"minecraft:cooked_chicken":67,"minecraft:smooth_quartz":6,"minecraft:spruce_slab":1,"minecraft:coal_block":4,"minecraft:raw_iron":9,"minecraft:stick":54,"minecraft:stone":1,"minecraft:torch":4,"minecraft:sandstone_wall":1,"minecraft:sand":3,"minecraft:spruce_sapling":7,"tombstone:grave_dust":6,"minecraft:diorite":2,"minecraft:spruce_log":17,"minecraft:redstone":2,"tombstone:lollipop":1,"minecraft:light_gray_concrete":3,"minecraft:arrow":6,"minecraft:dispenser":1,"minecraft:rotten_flesh":7,"minecraft:lever":1,"tombstone:essence_of_undeath":1,"tombstone:magic_scroll":1,"minecraft:coal":11,"minecraft:cobblestone":52},"minecraft:killed":{"minecraft:skeleton":10,"minecraft:zombie":3},"minecraft:custom":{"minecraft:mob_kills":13,"minecraft:interact_with_crafting_table":5,"minecraft:leave_game":2,"minecraft:time_since_death":14614,"minecraft:climb_one_cm":17499,"minecraft:damage_resisted":176,"minecraft:time_since_rest":13832,"minecraft:sprint_one_cm":127789,"minecraft:damage_taken":642,"minecraft:walk_one_cm":90178,"minecraft:drop":43,"tombstone:eaten_lollipop":1,"minecraft:damage_dealt":2255,"minecraft:fly_one_cm":80005,"minecraft:open_chest":8,"minecraft:crouch_one_cm":4196,"minecraft:play_time":45168,"tombstone:undead_killed":13,"minecraft:deaths":2,"minecraft:sneak_time":4071,"minecraft:walk_under_water_one_cm":772,"minecraft:jump":461,"minecraft:walk_on_water_one_cm":165,"minecraft:total_world_time":45168,"minecraft:fall_one_cm":9914},"minecraft:broken":{"minecraft:wooden_axe":1},"minecraft:dropped":{"minecraft:cooked_chicken":83,"minecraft:chiseled_quartz_block":1,"minecraft:crafting_table":1,"minecraft:raw_iron":1,"tombstone:gift":1,"minecraft:stick":4,"minecraft:diorite":2,"minecraft:spruce_planks":3,"minecraft:smooth_quartz":6,"minecraft:wooden_pickaxe":2,"minecraft:stone_pickaxe":2,"minecraft:spruce_sapling":7,"minecraft:redstone":4},"minecraft:crafted":{"minecraft:coal":9,"minecraft:crafting_table":2,"minecraft:spruce_planks":68,"minecraft:wooden_pickaxe":1,"minecraft:stone_axe":1,"minecraft:stick":24,"minecraft:iron_pickaxe":1,"minecraft:stone_pickaxe":2,"minecraft:wooden_axe":1,"minecraft:torch":60},"minecraft:mined":{"minecraft:spruce_planks":5,"minecraft:redstone_block":2,"minecraft:chiseled_quartz_block":1,"minecraft:crafting_table":5,"minecraft:torch":1,"minecraft:redstone_wire":2,"minecraft:coal_block":4,"minecraft:cobblestone":10,"minecraft:spruce_leaves":5,"minecraft:deepslate_gold_ore":6,"minecraft:diorite":2,"minecraft:spawner":4,"minecraft:iron_ore":9,"minecraft:spruce_log":15,"minecraft:andesite":15,"minecraft:coal_ore":11,"minecraft:dirt":8,"minecraft:light_gray_concrete":3,"minecraft:sand":3,"minecraft:smooth_quartz":2,"minecraft:dispenser":1,"minecraft:stone":45,"minecraft:deepslate":28,"minecraft:spruce_slab":1,"minecraft:tripwire":1},"minecraft:used":{"minecraft:spruce_slab":1,"minecraft:stone_pickaxe":131,"minecraft:spruce_planks":45,"minecraft:wooden_pickaxe":14,"tombstone:lollipop":1,"minecraft:cooked_chicken":8,"minecraft:torch":14,"minecraft:sand":3,"minecraft:crafting_table":5,"minecraft:wooden_axe":44,"minecraft:iron_pickaxe":8,"minecraft:stone_axe":29,"minecraft:cobblestone":25},"minecraft:killed_by":{"minecraft:creeper":1}},"DataVersion":3465}