{"stats":{"minecraft:picked_up":{"minecraft:birch_log":21,"minecraft:crafting_table":4,"minecraft:lilac":1,"minecraft:andesite":11,"minecraft:brown_wool":1,"minecraft:flint":1,"minecraft:string":2,"minecraft:dirt":3,"minecraft:bone":1,"minecraft:light_gray_wool":1,"minecraft:birch_sapling":3,"minecraft:furnace":2,"minecraft:raw_iron":27,"minecraft:cooked_porkchop":4,"minecraft:torch":9,"minecraft:gravel":6,"minecraft:porkchop":4,"minecraft:diorite":5,"minecraft:white_bed":1,"minecraft:arrow":2,"soulsweapons:verglas":4,"minecraft:mutton":12,"minecraft:coal":68,"minecraft:cobblestone":108,"minecraft:white_wool":5},"minecraft:broken":{"minecraft:stone_pickaxe":1,"minecraft:wooden_pickaxe":1},"minecraft:dropped":{"minecraft:gravel":6,"minecraft:lilac":1,"minecraft:birch_sapling":3},"minecraft:mined":{"minecraft:white_bed":1,"minecraft:crafting_table":4,"minecraft:torch":7,"minecraft:grass_block":1,"minecraft:cobblestone":6,"minecraft:diorite":5,"minecraft:wall_torch":3,"minecraft:furnace":2,"minecraft:birch_log":22,"minecraft:iron_ore":27,"minecraft:lilac":1,"minecraft:birch_leaves":1,"minecraft:andesite":11,"minecraft:coal_ore":60,"minecraft:gravel":7,"minecraft:dirt":2,"minecraft:stone":104,"soulsweapons:verglas_ore":4},"minecraft:used":{"minecraft:cooked_mutton":5,"minecraft:stone_pickaxe":131,"minecraft:wooden_pickaxe":59,"minecraft:shield":8,"minecraft:iron_chestplate":1,"minecraft:torch":19,"minecraft:dirt":2,"minecraft:crafting_table":6,"minecraft:white_bed":1,"minecraft:iron_axe":2,"minecraft:iron_pickaxe":32,"minecraft:iron_helmet":1,"minecraft:stone_axe":53,"minecraft:cobblestone":77,"minecraft:furnace":3},"minecraft:crafted":{"minecraft:crafting_table":2,"minecraft:iron_helmet":1,"minecraft:wooden_pickaxe":1,"minecraft:furnace":1,"minecraft:birch_planks":84,"minecraft:stone_axe":1,"minecraft:cooked_mutton":12,"minecraft:air":0,"minecraft:iron_chestplate":1,"minecraft:shield":1,"minecraft:iron_axe":1,"minecraft:stick":28,"minecraft:iron_ingot":22,"minecraft:iron_pickaxe":1,"minecraft:stone_pickaxe":1,"minecraft:white_bed":1,"minecraft:torch":24},"minecraft:killed":{"minecraft:pig":3,"minecraft:spider":1,"minecraft:sheep":7,"minecraft:skeleton":1,"minecraft:zombie":3},"minecraft:custom":{"minecraft:interact_with_furnace":15,"minecraft:mob_kills":15,"minecraft:interact_with_crafting_table":13,"minecraft:time_since_death":34070,"minecraft:sleep_in_bed":2,"minecraft:time_since_rest":23638,"minecraft:sprint_one_cm":118252,"minecraft:damage_taken":224,"minecraft:walk_one_cm":54302,"minecraft:damage_blocked_by_shield":375,"minecraft:drop":8,"minecraft:damage_dealt":1819,"minecraft:swim_one_cm":2903,"minecraft:fly_one_cm":21358,"minecraft:crouch_one_cm":6333,"minecraft:play_time":34070,"tombstone:undead_killed":4,"minecraft:sneak_time":3796,"minecraft:jump":183,"minecraft:walk_on_water_one_cm":506,"minecraft:total_world_time":34070,"minecraft:fall_one_cm":4041}},"DataVersion":3465}