{"stats":{"minecraft:picked_up":{"minecraft:crafting_table":2,"minecraft:stick":6,"minecraft:cooked_chicken":67,"minecraft:spruce_sapling":7,"minecraft:spruce_log":17},"minecraft:custom":{"minecraft:time_since_rest":780,"minecraft:crouch_one_cm":225,"minecraft:play_time":10457,"minecraft:sprint_one_cm":25059,"minecraft:deaths":1,"minecraft:damage_taken":30,"minecraft:walk_one_cm":47116,"minecraft:sneak_time":475,"minecraft:drop":14,"minecraft:jump":111,"minecraft:damage_dealt":70,"minecraft:leave_game":1,"minecraft:time_since_death":1198,"minecraft:total_world_time":10457,"minecraft:interact_with_crafting_table":2,"minecraft:fall_one_cm":894,"minecraft:fly_one_cm":16331},"minecraft:dropped":{"minecraft:cooked_chicken":70,"minecraft:spruce_planks":3,"minecraft:crafting_table":1,"minecraft:spruce_sapling":5,"minecraft:stick":4},"minecraft:crafted":{"minecraft:crafting_table":2,"minecraft:spruce_planks":68,"minecraft:stick":4,"minecraft:wooden_pickaxe":1,"minecraft:wooden_axe":1},"minecraft:mined":{"minecraft:spruce_leaves":2,"minecraft:spruce_log":15,"minecraft:crafting_table":2},"minecraft:used":{"minecraft:wooden_axe":16,"minecraft:crafting_table":2}},"DataVersion":3465}