{"stats":{"minecraft:picked_up":{"minecraft:crafting_table":8,"minecraft:redstone_block":2,"minecraft:wooden_pickaxe":3,"soulsweapons:moonstone":7,"minecraft:string":72,"treasure2:gold_skull_chest":1,"minecraft:cobbled_deepslate":174,"minecraft:spruce_planks":6,"minecraft:beef":5,"minecraft:smooth_quartz":6,"minecraft:spruce_slab":1,"minecraft:coal_block":4,"minecraft:chest":1,"minecraft:furnace":1,"minecraft:stick":59,"minecraft:raw_iron":15,"minecraft:stone":1,"minecraft:torch":8,"minecraft:sandstone_wall":1,"tombstone:grave_dust":6,"minecraft:diorite":6,"minecraft:redstone":10,"tombstone:lollipop":1,"minecraft:arrow":23,"minecraft:rotten_flesh":23,"tombstone:essence_of_undeath":1,"minecraft:white_wool":20,"minecraft:rail":3,"minecraft:skeleton_skull":2,"minecraft:cobblestone":132,"minecraft:andesite":10,"minecraft:leather":3,"minecraft:chiseled_quartz_block":2,"minecraft:filled_map":1,"minecraft:oak_log":6,"immersive_aircraft:gyrodyne":2,"minecraft:lapis_lazuli":4,"minecraft:dirt":8,"tombstone:gift":1,"minecraft:bone":5,"minecraft:raw_gold":6,"minecraft:cooked_chicken":67,"minecraft:stone_pickaxe":1,"minecraft:oak_planks":2,"minecraft:raw_iron_block":1,"minecraft:sand":5,"minecraft:spruce_sapling":7,"minecraft:spruce_log":32,"minecraft:light_gray_concrete":3,"minecraft:dispenser":1,"minecraft:diamond":15,"minecraft:lever":1,"soulsweapons:verglas":1,"tombstone:magic_scroll":2,"minecraft:oak_sapling":4,"minecraft:coal":36},"minecraft:killed":{"minecraft:cave_spider":4,"minecraft:witch":1,"minecraft:spider":1,"minecraft:skeleton":15,"minecraft:drowned":1,"minecraft:creeper":3,"minecraft:sheep":2,"minecraft:zombie":23,"minecraft:cow":2},"minecraft:custom":{"minecraft:mob_kills":53,"minecraft:interact_with_crafting_table":19,"minecraft:open_barrel":2,"minecraft:leave_game":4,"minecraft:time_since_death":46963,"minecraft:climb_one_cm":17499,"minecraft:damage_resisted":176,"minecraft:sprint_one_cm":523490,"minecraft:walk_one_cm":219849,"minecraft:damage_blocked_by_shield":1035,"minecraft:drop":112,"tombstone:eaten_lollipop":1,"minecraft:play_time":140441,"minecraft:deaths":5,"minecraft:sneak_time":8715,"minecraft:walk_under_water_one_cm":12145,"minecraft:jump":1722,"minecraft:walk_on_water_one_cm":9767,"minecraft:total_world_time":140441,"minecraft:interact_with_furnace":7,"tombstone:raider_killed":1,"minecraft:sleep_in_bed":2,"minecraft:time_since_rest":18102,"minecraft:damage_taken":2547,"minecraft:damage_absorbed":80,"minecraft:damage_dealt":8721,"minecraft:swim_one_cm":36794,"minecraft:fly_one_cm":295923,"minecraft:open_chest":24,"minecraft:crouch_one_cm":11243,"tombstone:undead_killed":39,"minecraft:fall_one_cm":37345},"minecraft:broken":{"minecraft:stone_pickaxe":2,"minecraft:wooden_axe":1},"minecraft:dropped":{"minecraft:iron_ingot":1,"minecraft:bread":1,"minecraft:crafting_table":1,"minecraft:cobblestone":1,"minecraft:coal":25,"minecraft:stick":4,"minecraft:dirt":8,"minecraft:diorite":2,"minecraft:dispenser":1,"minecraft:torch":16,"minecraft:smooth_quartz":6,"minecraft:sand":2,"minecraft:string":4,"minecraft:white_wool":18,"minecraft:spruce_sapling":7,"minecraft:bone":2,"minecraft:redstone":16,"tombstone:familiar_stone":1,"minecraft:lever":1,"minecraft:cooked_chicken":93,"minecraft:chiseled_quartz_block":1,"minecraft:cobbled_deepslate":46,"minecraft:raw_iron":7,"tombstone:gift":2,"minecraft:rotten_flesh":29,"minecraft:filled_map":1,"minecraft:sandstone_wall":1,"minecraft:spruce_planks":3,"minecraft:andesite":10,"minecraft:oak_sapling":4,"minecraft:spruce_log":3,"minecraft:wooden_pickaxe":3,"minecraft:stone_pickaxe":2},"minecraft:crafted":{"minecraft:oak_planks":24,"minecraft:coal":36,"immersive_aircraft:sail":2,"minecraft:furnace":1,"minecraft:white_carpet":12,"immersive_aircraft:hull":2,"minecraft:stone_pickaxe":3,"minecraft:chest":1,"minecraft:redstone_block":5,"soulsweapons:bluemoon_greatsword":1,"minecraft:crafting_table":3,"minecraft:spruce_planks":68,"minecraft:wooden_pickaxe":1,"minecraft:stone_axe":1,"immersive_aircraft:propeller":1,"immersive_aircraft:gyrodyne":1,"minecraft:white_wool":16,"minecraft:iron_chestplate":1,"minecraft:shield":1,"minecraft:stick":24,"minecraft:iron_ingot":8,"minecraft:iron_pickaxe":1,"minecraft:wooden_axe":1,"minecraft:torch":60},"minecraft:mined":{"minecraft:tuff":5,"minecraft:spruce_planks":5,"minecraft:deepslate_diamond_ore":15,"minecraft:granite":1,"minecraft:redstone_wire":2,"minecraft:coal_block":4,"minecraft:polished_diorite":4,"minecraft:spruce_leaves":8,"minecraft:spawner":5,"minecraft:raw_iron_block":1,"minecraft:furnace":1,"minecraft:iron_ore":9,"minecraft:cobbled_deepslate":11,"minecraft:andesite":18,"minecraft:deepslate_lapis_ore":1,"soulsweapons:moonstone_ore_deepslate":8,"minecraft:deepslate_iron_ore":1,"minecraft:rail":3,"minecraft:iron_bars":2,"minecraft:light_gray_concrete":3,"minecraft:stone":88,"minecraft:spruce_slab":1,"minecraft:tripwire":1,"minecraft:redstone_block":2,"soulsweapons:verglas_ore_deepslate":1,"minecraft:polished_granite":1,"minecraft:chiseled_quartz_block":1,"minecraft:crafting_table":8,"minecraft:torch":1,"minecraft:cobblestone":15,"minecraft:deepslate_gold_ore":6,"minecraft:diorite":20,"minecraft:wall_torch":2,"minecraft:spruce_log":39,"minecraft:oak_log":10,"minecraft:coal_ore":11,"minecraft:dirt":8,"minecraft:gravel":9,"minecraft:sand":4,"minecraft:smooth_quartz":2,"minecraft:cobweb":63,"treasure2:gold_skull_chest":1,"minecraft:dispenser":1,"minecraft:polished_andesite":3,"minecraft:deepslate":169},"minecraft:used":{"minecraft:spruce_slab":1,"minecraft:spruce_planks":45,"minecraft:shield":9,"minecraft:stone":1,"tombstone:lollipop":1,"minecraft:cooked_chicken":38,"minecraft:iron_chestplate":1,"minecraft:torch":59,"minecraft:wooden_axe":44,"minecraft:furnace":1,"tombstone:gift":2,"minecraft:cobbled_deepslate":110,"minecraft:diorite":4,"minecraft:stone_pickaxe":264,"minecraft:wooden_pickaxe":14,"minecraft:golden_apple":2,"soulsweapons:bluemoon_greatsword":150,"minecraft:sand":3,"minecraft:crafting_table":8,"minecraft:iron_pickaxe":146,"tombstone:grave_key":19,"minecraft:stone_axe":83,"minecraft:cobblestone":67,"immersive_aircraft:gyrodyne":2},"minecraft:killed_by":{"minecraft:creeper":2,"minecraft:zombie":1}},"DataVersion":3465}