{"stats":{"minecraft:picked_up":{"minecraft:crafting_table":13,"minecraft:redstone_block":4,"minecraft:nether_wart":4,"minecraft:oak_stairs":8,"soulsweapons:moonstone":19,"minecraft:potion":2,"minecraft:golden_sword":2,"minecraft:string":15,"minecraft:flint_and_steel":1,"bosses_of_mass_destruction:soul_star":1,"minecraft:cobbled_deepslate":393,"treasure2:ruby":1,"minecraft:spruce_planks":15,"minecraft:beef":9,"minecraft:observer":2,"minecraft:light_gray_wool":1,"minecraft:smooth_quartz":63,"minecraft:spruce_slab":1,"minecraft:coal_block":9,"minecraft:birch_sapling":3,"minecraft:phantom_membrane":2,"minecraft:furnace":5,"minecraft:raw_iron":66,"minecraft:torch":34,"sophisticatedbackpacks:backpack":1,"minecraft:porkchop":31,"tombstone:grave_dust":17,"minecraft:diorite":16,"minecraft:carrot":16,"minecraft:redstone":48,"minecraft:golden_chestplate":1,"tombstone:lollipop":5,"minecraft:arrow":53,"minecraft:rotten_flesh":45,"minecraft:pumpkin_pie":14,"minecraft:beetroot_seeds":1,"farmersdelight:rope":4,"minecraft:gold_ingot":14,"tombstone:essence_of_undeath":1,"minecraft:rail":2,"minecraft:mutton":22,"minecraft:white_wool":13,"minecraft:cobblestone":341,"minecraft:birch_log":21,"minecraft:lilac":1,"minecraft:andesite":62,"minecraft:brown_wool":1,"minecraft:leather":15,"minecraft:chiseled_quartz_block":13,"minecraft:potato":2,"minecraft:flint":1,"minecraft:tuff":108,"minecraft:oak_log":22,"minecraft:gunpowder":3,"immersive_aircraft:gyrodyne":4,"minecraft:lapis_lazuli":20,"minecraft:dirt":11,"tombstone:gift":4,"minecraft:bone":85,"minecraft:stonecutter":1,"minecraft:bow":2,"minecraft:raw_gold":41,"minecraft:iron_ingot":26,"tombstone:bag_of_seeds":1,"minecraft:oak_planks":21,"soulsweapons:holy_greatsword":1,"minecraft:cooked_porkchop":14,"minecraft:stripped_acacia_wood":1,"minecraft:stone_brick_slab":2,"minecraft:gravel":10,"minecraft:white_bed":8,"minecraft:barrel":2,"minecraft:spruce_door":1,"minecraft:spider_eye":4,"minecraft:bundle":1,"minecraft:light_gray_concrete":78,"minecraft:dispenser":3,"minecraft:diamond":16,"minecraft:slime_block":1,"waystones:waystone":1,"minecraft:golden_apple":8,"soulsweapons:verglas":9,"minecraft:oak_sapling":1,"minecraft:chorus_fruit":36,"minecraft:coal":206,"minecraft:hopper":2},"minecraft:killed":{"minecraft:spider":10,"minecraft:phantom":2,"minecraft:skeleton":28,"treasure2:bound_soul":2,"minecraft:pig":3,"minecraft:hoglin":9,"minecraft:creeper":3,"minecraft:sheep":14,"minecraft:zombie":28,"minecraft:wither_skeleton":40,"minecraft:cow":4},"minecraft:custom":{"minecraft:mob_kills":148,"minecraft:interact_with_crafting_table":44,"minecraft:open_barrel":11,"minecraft:leave_game":2,"minecraft:time_since_death":15477,"minecraft:climb_one_cm":3660,"minecraft:sprint_one_cm":736518,"minecraft:walk_one_cm":316743,"minecraft:damage_blocked_by_shield":2363,"minecraft:drop":93,"tombstone:eaten_lollipop":3,"minecraft:play_time":293683,"minecraft:deaths":12,"minecraft:sneak_time":43192,"minecraft:walk_under_water_one_cm":1235,"minecraft:jump":1915,"minecraft:walk_on_water_one_cm":14984,"minecraft:total_world_time":293683,"minecraft:interact_with_furnace":27,"tombstone:raider_killed":2,"minecraft:tune_noteblock":1,"minecraft:sleep_in_bed":12,"minecraft:time_since_rest":15235,"minecraft:damage_taken":7846,"minecraft:damage_dealt":27694,"minecraft:swim_one_cm":23460,"minecraft:fly_one_cm":284074,"minecraft:open_chest":35,"minecraft:crouch_one_cm":42485,"tombstone:undead_killed":100,"minecraft:fall_one_cm":53799,"minecraft:inspect_dispenser":4},"minecraft:broken":{"minecraft:wooden_pickaxe":1,"minecraft:stone_pickaxe":1,"minecraft:stone_axe":1,"minecraft:iron_pickaxe":4,"minecraft:iron_helmet":1},"minecraft:dropped":{"minecraft:birch_planks":2,"minecraft:lilac":1,"minecraft:chorus_fruit":36,"minecraft:cooked_porkchop":5,"minecraft:cobblestone":23,"minecraft:leather":8,"minecraft:spruce_door":1,"minecraft:rail":2,"minecraft:coal":12,"minecraft:coal_block":2,"soulsweapons:holy_greatsword":1,"tombstone:bag_of_seeds":1,"farmersdelight:golden_knife":1,"minecraft:diorite":11,"tombstone:grave_dust":6,"minecraft:oak_stairs":7,"minecraft:phantom_membrane":2,"minecraft:string":7,"minecraft:stone_brick_slab":2,"minecraft:bone":36,"tombstone:lollipop":2,"minecraft:gravel":9,"minecraft:golden_chestplate":1,"minecraft:nether_wart":4,"minecraft:chiseled_quartz_block":10,"minecraft:cobbled_deepslate":108,"minecraft:birch_sapling":3,"minecraft:wheat":4,"tombstone:gift":6,"minecraft:rotten_flesh":12,"minecraft:oak_planks":11,"minecraft:slime_block":1,"minecraft:light_gray_concrete":14,"minecraft:flint_and_steel":1,"minecraft:gunpowder":3,"minecraft:spruce_planks":11,"minecraft:bundle":1,"minecraft:beetroot_seeds":1,"minecraft:andesite":51,"minecraft:melon_seeds":3,"minecraft:barrel":2,"minecraft:golden_sword":2,"farmersdelight:rope":29},"minecraft:crafted":{"minecraft:oak_planks":72,"minecraft:coal":9,"immersive_aircraft:sail":2,"minecraft:furnace":1,"soulsweapons:holy_greatsword":1,"minecraft:white_carpet":12,"minecraft:cooked_mutton":12,"minecraft:bow":1,"minecraft:iron_boots":1,"minecraft:iron_axe":1,"immersive_aircraft:hull":2,"minecraft:stone_pickaxe":1,"minecraft:chest":4,"minecraft:redstone_block":13,"minecraft:coal_block":5,"minecraft:crafting_table":3,"minecraft:wooden_pickaxe":1,"minecraft:iron_helmet":1,"minecraft:iron_sword":1,"minecraft:birch_planks":84,"minecraft:stone_axe":1,"immersive_aircraft:propeller":1,"minecraft:air":0,"minecraft:iron_chestplate":1,"immersive_aircraft:gyrodyne":1,"minecraft:white_wool":1,"minecraft:shield":1,"minecraft:stick":60,"minecraft:iron_ingot":40,"minecraft:iron_pickaxe":5,"minecraft:iron_shovel":1,"minecraft:iron_leggings":1,"minecraft:white_bed":2,"minecraft:torch":132},"minecraft:mined":{"minecraft:tuff":109,"minecraft:spruce_planks":23,"minecraft:white_bed":8,"minecraft:dark_oak_leaves":4,"minecraft:deepslate_diamond_ore":15,"minecraft:grass_block":6,"treasure2:deepslate_ruby_ore":1,"minecraft:redstone_wire":1,"minecraft:coal_block":7,"minecraft:acacia_slab":1,"minecraft:hopper":2,"minecraft:spawner":2,"minecraft:black_stained_glass_pane":1,"minecraft:furnace":5,"minecraft:fire":3,"minecraft:iron_ore":66,"minecraft:cobbled_deepslate":19,"minecraft:andesite":47,"minecraft:deepslate_lapis_ore":3,"soulsweapons:moonstone_ore_deepslate":19,"minecraft:dirt_path":1,"farmersdelight:rope":4,"minecraft:cave_vines":1,"minecraft:rail":1,"minecraft:oak_stairs":5,"minecraft:light_gray_concrete":77,"minecraft:stone":286,"minecraft:white_wool":4,"minecraft:spruce_slab":1,"minecraft:tripwire":4,"minecraft:deepslate_redstone_ore":10,"minecraft:redstone_block":4,"soulsweapons:verglas_ore_deepslate":3,"minecraft:stone_brick_slab":1,"minecraft:observer":2,"minecraft:spruce_door":2,"minecraft:chiseled_quartz_block":9,"minecraft:crafting_table":13,"minecraft:torch":22,"treasure2:gravestone1_spawner_stone":1,"minecraft:tall_grass":2,"minecraft:cobblestone":51,"minecraft:deepslate_gold_ore":35,"minecraft:oak_planks":12,"minecraft:diorite":17,"minecraft:wall_torch":10,"farmersdelight:wild_beetroots":1,"farmersdelight:sandy_shrub":1,"minecraft:light_gray_stained_glass":2,"minecraft:birch_log":28,"minecraft:lilac":1,"minecraft:birch_leaves":1,"minecraft:stone_brick_stairs":2,"minecraft:grass":4,"minecraft:oak_log":31,"minecraft:coal_ore":82,"minecraft:gravel":10,"minecraft:dirt":6,"minecraft:smooth_quartz":70,"minecraft:cobweb":4,"minecraft:acacia_planks":2,"minecraft:stripped_acacia_wood":8,"minecraft:stonecutter":1,"minecraft:dispenser":3,"minecraft:gold_ore":6,"minecraft:oak_leaves":5,"minecraft:deepslate":370,"soulsweapons:verglas_ore":6},"minecraft:used":{"minecraft:iron_shovel":10,"minecraft:flint_and_steel":3,"minecraft:chest":4,"minecraft:shield":42,"tombstone:lollipop":3,"minecraft:rotten_flesh":56,"minecraft:iron_chestplate":2,"minecraft:torch":150,"minecraft:dirt":7,"minecraft:carrot":12,"farmersdelight:rope":4,"minecraft:iron_axe":158,"minecraft:iron_helmet":1,"minecraft:iron_boots":2,"minecraft:smooth_quartz":1,"minecraft:golden_carrot":2,"minecraft:bow":53,"minecraft:furnace":5,"minecraft:potato":1,"minecraft:cobbled_deepslate":214,"minecraft:iron_leggings":1,"minecraft:cooked_mutton":12,"minecraft:stone_pickaxe":131,"minecraft:oak_planks":40,"minecraft:wooden_pickaxe":59,"minecraft:glow_berries":4,"minecraft:crafting_table":16,"minecraft:white_bed":9,"soulsweapons:holy_greatsword":407,"minecraft:bread":9,"minecraft:iron_pickaxe":1151,"tombstone:grave_key":4,"minecraft:stone_axe":81,"minecraft:potion":1,"minecraft:cobblestone":257,"minecraft:cooked_porkchop":4,"immersive_aircraft:gyrodyne":4,"minecraft:pumpkin_pie":25},"minecraft:killed_by":{"minecraft:wither_skeleton":7,"minecraft:witch":1}},"DataVersion":3465}