{"stats":{"minecraft:picked_up":{"minecraft:birch_log":21,"minecraft:crafting_table":7,"minecraft:lilac":1,"minecraft:andesite":45,"minecraft:brown_wool":1,"minecraft:potato":2,"soulsweapons:moonstone":19,"minecraft:flint":1,"minecraft:tuff":108,"minecraft:gunpowder":3,"minecraft:lapis_lazuli":20,"minecraft:string":11,"minecraft:dirt":3,"minecraft:bone":10,"minecraft:bow":2,"minecraft:cobbled_deepslate":244,"minecraft:raw_gold":19,"treasure2:ruby":1,"minecraft:iron_ingot":13,"tombstone:bag_of_seeds":1,"minecraft:light_gray_wool":1,"minecraft:birch_sapling":3,"minecraft:furnace":4,"minecraft:raw_iron":53,"minecraft:cooked_porkchop":4,"minecraft:torch":26,"sophisticatedbackpacks:backpack":1,"minecraft:gravel":7,"minecraft:porkchop":4,"tombstone:grave_dust":6,"minecraft:diorite":5,"minecraft:white_bed":2,"minecraft:redstone":44,"minecraft:spider_eye":2,"minecraft:bundle":1,"minecraft:arrow":10,"minecraft:rotten_flesh":12,"minecraft:diamond":15,"soulsweapons:verglas":9,"minecraft:rail":2,"minecraft:mutton":12,"minecraft:coal":132,"minecraft:cobblestone":199,"minecraft:white_wool":5},"minecraft:broken":{"minecraft:stone_pickaxe":1,"minecraft:iron_pickaxe":2,"minecraft:wooden_pickaxe":1},"minecraft:dropped":{"minecraft:gravel":6,"minecraft:lilac":1,"minecraft:birch_sapling":3,"tombstone:gift":2,"minecraft:rail":2,"minecraft:gunpowder":1,"minecraft:bundle":1,"minecraft:andesite":34},"minecraft:used":{"minecraft:cooked_mutton":12,"minecraft:stone_pickaxe":131,"minecraft:wooden_pickaxe":59,"minecraft:shield":31,"minecraft:rotten_flesh":2,"minecraft:iron_chestplate":1,"minecraft:torch":105,"minecraft:glow_berries":4,"minecraft:dirt":2,"minecraft:crafting_table":8,"minecraft:white_bed":2,"soulsweapons:holy_greatsword":32,"minecraft:bread":2,"minecraft:iron_axe":29,"minecraft:iron_pickaxe":592,"minecraft:iron_helmet":1,"minecraft:iron_boots":1,"minecraft:stone_axe":78,"minecraft:cobblestone":146,"minecraft:furnace":4,"minecraft:cooked_porkchop":4,"minecraft:potato":1,"minecraft:cobbled_deepslate":153,"minecraft:iron_leggings":1},"minecraft:mined":{"minecraft:deepslate_redstone_ore":10,"minecraft:tuff":109,"minecraft:white_bed":2,"soulsweapons:verglas_ore_deepslate":3,"minecraft:deepslate_diamond_ore":15,"minecraft:crafting_table":7,"minecraft:torch":19,"treasure2:deepslate_ruby_ore":1,"minecraft:grass_block":1,"minecraft:cobblestone":22,"minecraft:deepslate_gold_ore":13,"minecraft:diorite":5,"minecraft:wall_torch":7,"minecraft:furnace":4,"minecraft:birch_log":22,"minecraft:iron_ore":53,"minecraft:cobbled_deepslate":10,"minecraft:lilac":1,"minecraft:birch_leaves":1,"minecraft:andesite":30,"minecraft:deepslate_lapis_ore":3,"soulsweapons:moonstone_ore_deepslate":19,"minecraft:coal_ore":68,"minecraft:cave_vines":1,"minecraft:rail":1,"minecraft:gravel":7,"minecraft:dirt":2,"minecraft:stone":170,"minecraft:gold_ore":6,"minecraft:deepslate":229,"soulsweapons:verglas_ore":6},"minecraft:crafted":{"minecraft:crafting_table":2,"minecraft:iron_helmet":1,"minecraft:wooden_pickaxe":1,"minecraft:iron_sword":1,"minecraft:furnace":1,"soulsweapons:holy_greatsword":1,"minecraft:birch_planks":84,"minecraft:stone_axe":1,"minecraft:cooked_mutton":12,"minecraft:air":0,"minecraft:iron_boots":1,"minecraft:iron_chestplate":1,"minecraft:shield":1,"minecraft:iron_axe":1,"minecraft:stick":36,"minecraft:iron_ingot":40,"minecraft:iron_pickaxe":3,"minecraft:stone_pickaxe":1,"minecraft:iron_leggings":1,"minecraft:white_bed":1,"minecraft:torch":60},"minecraft:killed":{"minecraft:pig":3,"minecraft:spider":7,"minecraft:creeper":3,"minecraft:sheep":7,"minecraft:skeleton":9,"minecraft:zombie":13},"minecraft:custom":{"minecraft:interact_with_furnace":24,"minecraft:mob_kills":43,"minecraft:interact_with_crafting_table":20,"minecraft:time_since_death":9105,"minecraft:sleep_in_bed":3,"minecraft:time_since_rest":7602,"minecraft:sprint_one_cm":399364,"minecraft:damage_taken":1332,"minecraft:walk_one_cm":162560,"minecraft:damage_blocked_by_shield":1815,"minecraft:drop":16,"minecraft:damage_dealt":7125,"minecraft:swim_one_cm":3444,"minecraft:fly_one_cm":102988,"minecraft:crouch_one_cm":19331,"minecraft:deaths":1,"minecraft:play_time":118003,"tombstone:undead_killed":22,"minecraft:sneak_time":13896,"minecraft:walk_under_water_one_cm":44,"minecraft:jump":743,"minecraft:walk_on_water_one_cm":2760,"minecraft:total_world_time":118003,"minecraft:fall_one_cm":10792}},"DataVersion":3465}